window,ticker,n_sent,n_news,sent,news_lm,news_fb,combined_lm,combined_fb,ret_resid,agg_sent,agg_news
jan-A,RELIANCE.NS,13,10,-0.7277078124051157,-0.3199392071962277,-0.5171165476396823,-0.5238235098006717,-0.622412180022399,-0.013620127053175,-0.7277,-0.3199
jan-A,TCS.NS,8,8,-0.11005197282441806,-0.0955596268170282,-0.19696251574169193,-0.10280579982072313,-0.153507244283055,-0.0117081623488725,-0.1101,-0.0956
jan-A,HDFCBANK.NS,10,9,-0.6875553439345264,-0.08287823444023246,-0.48563569203663925,-0.38521678918737945,-0.5865955179855828,-0.0094431214076824,-0.6876,-0.0829
jan-A,INFY.NS,8,7,-0.4998835645672217,-0.2831659125962446,-0.2813601090569781,-0.39152473858173314,-0.39062183681209994,0.0052744739602138,-0.4999,-0.2832
jan-A,ICICIBANK.NS,7,7,0.11031554848734108,-0.11322177658075325,0.05308588490062977,-0.0014531140467060819,0.08170071669398543,0.0065813727543272,0.1103,-0.1132
jan-A,HINDUNILVR.NS,8,7,-0.5914755088352349,-0.11322177658075325,-0.2864141054547506,-0.3523486427079941,-0.43894480714499273,-0.0190710669054635,-0.5915,-0.1132
jan-A,ITC.NS,9,8,-0.5497840956893241,-0.2064125029430869,-0.38752710073670843,-0.3780982993162055,-0.4686555982130163,-0.0079553143957527,-0.5498,-0.2064
jan-A,SBIN.NS,10,9,0.6097247492190534,-0.16580838769674897,0.2748931463047659,0.2219581807611522,0.44230894776190965,0.0158336889262457,0.6097,-0.1658
jan-A,BHARTIARTL.NS,6,6,-0.2618973381311759,-0.14077054157142724,-0.15441815139971496,-0.20133393985130155,-0.2081577447654454,-0.0076878720684229,-0.2619,-0.1408
jan-A,KOTAKBANK.NS,7,7,0.01433429985010377,-0.11744141417734569,0.014441548170914505,-0.05155355716362096,0.014387924010509139,-0.0104351218183487,0.0143,-0.1174
jan-A,LT.NS,7,7,-0.6345716828940522,-0.1275984753145974,-0.0646816874298729,-0.38108507910432476,-0.34962668516196255,-0.0352881911258428,-0.6346,-0.1276
jan-A,AXISBANK.NS,7,6,-0.039456629781334185,-0.14077054157142724,-0.15441815139971496,-0.09011358567638071,-0.09693739059052457,0.0221370276715295,-0.0395,-0.1408
jan-A,BAJFINANCE.NS,8,8,-0.5005413694369294,0.06164943473402131,-0.38441586902045244,-0.21944596735145405,-0.4424786192286909,-0.003419950315497,-0.5005,0.0616
jan-A,ASIANPAINT.NS,7,6,-0.35104387255130975,-0.14077054157142724,-0.15441815139971496,-0.24590720706136848,-0.25273101197551234,-0.0256528815298407,-0.351,-0.1408
jan-A,MARUTI.NS,7,7,0.0597906194126836,-0.11472530089913617,0.04549835804771876,-0.027467340743226286,0.05264448873020118,-0.0231010142750596,0.0598,-0.1147
jan-A,HCLTECH.NS,9,8,0.35194524813432765,0.18393926155896964,0.07721289736695917,0.26794225484664863,0.21457907275064342,0.0033704715241033,0.3519,0.1839
jan-A,SUNPHARMA.NS,7,6,0.1760793127463564,-0.14077054157142724,-0.15441815139971496,0.017654385587464586,0.010830580673320725,-0.0175033629778517,0.1761,-0.1408
jan-A,TITAN.NS,14,11,0.4103654129100561,-0.07206149946129749,0.3171516591190325,0.16915195672437933,0.36375853601454433,0.0004438918610972,0.4104,-0.0721
jan-A,WIPRO.NS,6,6,-0.2618973381311759,-0.14077054157142724,-0.15441815139971496,-0.20133393985130155,-0.2081577447654454,-0.0081916371714298,-0.2619,-0.1408
jan-A,ULTRACEMCO.NS,9,9,-0.48338582812462205,-0.3697826089095815,-0.26469462910138386,-0.42658421851710177,-0.37404022861300296,0.0158080705579883,-0.4834,-0.3698
jan-A,NESTLEIND.NS,8,7,0.02818724023054492,-0.11165348598596417,0.06545710273473473,-0.041733122877709625,0.04682217148263983,-0.0012077360268083,0.0282,-0.1117
jan-A,ONGC.NS,10,9,-0.47402880522049273,-0.22439194675696533,-0.2984856583529256,-0.34921037598872906,-0.3862572317867092,0.0559467924246367,-0.474,-0.2244
jan-A,NTPC.NS,7,7,-0.07705658123071592,0.03683650234147756,0.012624925438599735,-0.020110039444619178,-0.03221582789605809,0.0373543803856683,-0.0771,0.0368
jan-A,POWERGRID.NS,8,7,0.12497743882496859,-0.10832184730265446,0.09135334619043008,0.008327795761157067,0.10816539250769933,0.0020572152587749,0.125,-0.1083
jan-A,M&M.NS,8,6,-0.2501412441574165,-0.14077054157142724,-0.15441815139971496,-0.1954558928644219,-0.20227969777856575,-0.0059960056765721,-0.2501,-0.1408
jan-A,TATASTEEL.NS,9,9,-0.3557207787418849,-0.21917310948728483,-0.2130483824756098,-0.2874469441145849,-0.2843845806087474,0.0356291683140669,-0.3557,-0.2192
jan-A,JSWSTEEL.NS,6,6,-0.2618973381311759,-0.14077054157142724,-0.15441815139971496,-0.20133393985130155,-0.2081577447654454,0.0020698308084543,-0.2619,-0.1408
jan-A,ADANIENT.NS,9,9,-0.35657208126718903,-0.24917408382329062,-0.1788326892812474,-0.3028730825452398,-0.2677023852742182,-0.0055963253996429,-0.3566,-0.2492
jan-A,ADANIPORTS.NS,6,6,-0.2618973381311759,-0.14077054157142724,-0.15441815139971496,-0.20133393985130155,-0.2081577447654454,-0.0065215604804274,-0.2619,-0.1408
jan-A,COALINDIA.NS,8,9,-0.004177733315036897,-0.0989575834254532,0.14028276786053745,-0.05156765837024505,0.06805251727275027,0.0025994729896565,-0.0042,-0.099
jan-A,BAJAJFINSV.NS,6,6,-0.2618973381311759,-0.14077054157142724,-0.15441815139971496,-0.20133393985130155,-0.2081577447654454,0.003831269220066,-0.2619,-0.1408
jan-A,GRASIM.NS,7,7,-0.5298018855558801,-0.13179444474104451,-0.11148467357721532,-0.33079816514846233,-0.32064327956654776,-0.001052810672181,-0.5298,-0.1318
jan-A,HINDALCO.NS,11,9,0.2060595960543395,-0.09356625003127805,0.18164269616125617,0.05624667301153072,0.19385114610779783,0.0410852972461176,0.2061,-0.0936
jan-A,DRREDDY.NS,6,6,-0.2618973381311759,-0.14077054157142724,-0.15441815139971496,-0.20133393985130155,-0.2081577447654454,-0.0210277755171096,-0.2619,-0.1408
jan-A,CIPLA.NS,7,6,-0.4499506930851152,-0.14077054157142724,-0.15441815139971496,-0.29536061732827124,-0.3021844222424151,-0.0181220586292779,-0.45,-0.1408
jan-A,BRITANNIA.NS,11,9,-0.4930607161962444,-0.033023588505014106,-0.35097724490899096,-0.2630421523506293,-0.42201898055261766,-0.0033945692002696,-0.4931,-0.033
jan-A,EICHERMOT.NS,9,8,0.16444953841931578,-0.047911170955057876,0.04068295814617808,0.05826918373212896,0.10256624828274694,-0.0076587915598904,0.1644,-0.0479
jan-A,HEROMOTOCO.NS,7,9,-0.07658680528935424,-0.06327992140481929,0.10108147587144727,-0.06993336334708677,0.012247335291046511,-0.0059005975422228,-0.0766,-0.0633
jan-A,BAJAJ-AUTO.NS,7,7,-0.03096722683235211,-0.1228374843892448,-0.033890157966210595,-0.07690235561079846,-0.03242869239928135,0.0121553085776623,-0.031,-0.1228
jan-A,DIVISLAB.NS,11,10,0.44954576348393016,-0.11882332356479965,0.2686088622182391,0.16536121995956526,0.35907731285108463,-0.0172139962041398,0.4495,-0.1188
jan-A,TECHM.NS,6,6,-0.2618973381311759,-0.14077054157142724,-0.15441815139971496,-0.20133393985130155,-0.2081577447654454,0.0043438797965295,-0.2619,-0.1408
jan-A,INDUSINDBK.NS,10,9,-0.1362106882189377,-0.09162915860554526,0.10144688195135261,-0.11391992341224147,-0.017381903133792544,0.0459584314112672,-0.1362,-0.0916
jan-A,APOLLOHOSP.NS,9,8,-0.13690829768086565,-0.2639528282252521,-0.1388433629155147,-0.2004305629530589,-0.13787583029819017,0.0033810294605497,-0.1369,-0.264
jan-A,TATACONSUM.NS,8,7,0.26770717363074775,-0.11165348598596417,0.06473316082606906,0.07802684382239179,0.1662201672284084,-0.014698506599033,0.2677,-0.1117
jan-A,SBILIFE.NS,6,6,-0.2618973381311759,-0.14077054157142724,-0.15441815139971496,-0.20133393985130155,-0.2081577447654454,-0.0110872781895245,-0.2619,-0.1408
jan-A,HDFCLIFE.NS,7,7,-0.07905333711876515,-0.12910858066032424,-0.10932478929450198,-0.10408095888954469,-0.09418906320663356,-0.0123419131747769,-0.0791,-0.1291
jan-A,SHRIRAMFIN.NS,8,9,0.09962861678931748,-0.21268021978974416,0.1278501283301364,-0.056525801500213343,0.11373937255972694,0.0113627788567582,0.0996,-0.2127
jan-A,BPCL.NS,9,9,-0.4960917138635228,-0.397261238450297,-0.335089348111601,-0.44667647615690986,-0.41559053098756193,-0.0023261037405973,-0.4961,-0.3973
jan-B,RELIANCE.NS,7,7,-0.3654867146292632,-0.15236902304550648,-0.23094792181794216,-0.25892786883738483,-0.29821731822360265,-0.0001497482708064,-0.3655,-0.1524
jan-B,TCS.NS,8,5,0.11753420102799905,-0.44928779856438805,0.42886068671900013,-0.1658767987681945,0.2731974438734996,-0.0230308798183815,0.1175,-0.4493
jan-B,HDFCBANK.NS,5,4,0.2650058903083932,-0.7808399112299537,0.08398745146735441,-0.2579170104607802,0.17449667088787382,-0.0029179648012053,0.265,-0.7808
jan-B,INFY.NS,8,9,-0.4457321598014803,-0.1210443314575937,0.5614931355360727,-0.283388245629537,0.057880487867296215,-0.0145205373282333,-0.4457,-0.121
jan-B,ICICIBANK.NS,12,8,-0.7214651973683542,-0.32432156569220905,-0.5483256359478029,-0.5228933815302816,-0.6348954166580786,-0.0085046610787908,-0.7215,-0.3243
jan-B,HINDUNILVR.NS,10,6,0.4400026978385919,-0.6200254494114422,0.05228550978937561,-0.09001137578642515,0.24614410381398377,-0.0014893972196692,0.44,-0.62
jan-B,ITC.NS,5,4,0.2650058903083932,-0.7808399112299537,0.08398745146735441,-0.2579170104607802,0.17449667088787382,0.0038947590974559,0.265,-0.7808
jan-B,SBIN.NS,8,5,0.7700837770919752,-0.3956160968213604,0.48207408275939057,0.1872338401353074,0.6260789299256828,0.0136159544266792,0.7701,-0.3956
jan-B,BHARTIARTL.NS,7,4,0.3594522994072719,-0.7808399112299537,0.08398745146735441,-0.21069380591134088,0.22171987543731317,0.0063998041852023,0.3595,-0.7808
jan-B,KOTAKBANK.NS,8,6,0.24098020378816412,-0.3231282357085833,0.5175981548202068,-0.041074015960209584,0.37928917930418543,-0.0098882728979897,0.241,-0.3231
jan-B,LT.NS,9,9,-0.20972371936546336,0.12050187560500603,-0.05050020234687643,-0.044610921880228666,-0.13011196085616988,0.037233302387513,-0.2097,0.1205
jan-B,AXISBANK.NS,10,8,0.8208961914582936,-0.18301347040941643,0.6943681147084229,0.3189413605244386,0.7576321530833583,0.0391200879897696,0.8209,-0.183
jan-B,BAJFINANCE.NS,6,5,-0.19427486292698426,-0.5122019199165495,-0.26310738132183925,-0.3532383914217669,-0.22869112212441176,-0.0048866264208979,-0.1943,-0.5122
jan-B,ASIANPAINT.NS,13,7,-0.26297020868279564,-0.39491488132295793,-0.10235377921535307,-0.3289425450028768,-0.18266199394907434,-0.0324621081265081,-0.263,-0.3949
jan-B,MARUTI.NS,7,5,0.8005230822715707,-0.3820867448980152,0.5066260992583101,0.20921816868677773,0.6535745907649404,-0.0179055975389681,0.8005,-0.3821
jan-B,HCLTECH.NS,6,5,-0.3026535627566594,-0.08427595030524525,-0.312548923462689,-0.19346475653095233,-0.3076012431096742,-0.0188767746697847,-0.3027,-0.0843
jan-B,SUNPHARMA.NS,5,4,0.2650058903083932,-0.7808399112299537,0.08398745146735441,-0.2579170104607802,0.17449667088787382,-0.0087185477711638,0.265,-0.7808
jan-B,TITAN.NS,6,5,-0.6668287904686229,-0.3956160968213604,-0.4133972366198267,-0.5312224436449916,-0.5401130135442248,0.0013343846097136,-0.6668,-0.3956
jan-B,WIPRO.NS,9,9,-0.28354894061759617,-0.07585210498243557,-0.0711518569815018,-0.17970052280001586,-0.17735039879954898,-0.0011150200438266,-0.2835,-0.0759
jan-B,ULTRACEMCO.NS,8,5,0.839520057706699,-0.3956160968213604,0.48562616997195757,0.2219519804426693,0.6625731138393283,-0.0049369007620413,0.8395,-0.3956
jan-B,NESTLEIND.NS,7,6,0.7573599860528316,-0.46343674950867897,0.5119013307236732,0.14696161827207632,0.6346306583882524,0.0317312019973284,0.7574,-0.4634
jan-B,ONGC.NS,10,6,0.7742000294671162,-0.33132691959477806,0.49704865054321334,0.22143655493616907,0.6356243400051648,0.002195864875936,0.7742,-0.3313
jan-B,NTPC.NS,5,4,0.2650058903083932,-0.7808399112299537,0.08398745146735441,-0.2579170104607802,0.17449667088787382,0.0236225488950571,0.265,-0.7808
jan-B,POWERGRID.NS,7,5,0.7972341018857908,0.06916653004386579,0.46249748485837744,0.4332003159648283,0.6298657933720841,-0.011921120728105,0.7972,0.0692
jan-B,M&M.NS,8,7,0.4802119607956991,-0.2011335095736584,0.31017758658638944,0.13953922561102036,0.3951947736910443,-0.0042636541808108,0.4802,-0.2011
jan-B,TATASTEEL.NS,5,4,0.2650058903083932,-0.7808399112299537,0.08398745146735441,-0.2579170104607802,0.17449667088787382,-0.0029332882194826,0.265,-0.7808
jan-B,JSWSTEEL.NS,10,8,0.842521427953323,-0.009069403785726092,0.7188032489760668,0.41672601208379845,0.7806623384646949,-0.00274732431156,0.8425,-0.0091
jan-B,ADANIENT.NS,8,5,-0.21030375361950743,-0.44928779856438805,-0.28125638753310994,-0.32979577609194777,-0.24578007057630868,0.0136651513289857,-0.2103,-0.4493
jan-B,ADANIPORTS.NS,9,7,-0.3758798172508657,-0.5420859966444811,-0.16876326920450224,-0.4589829069476734,-0.272321543227684,0.0282069913914661,-0.3759,-0.5421
jan-B,COALINDIA.NS,6,5,0.46580871499195914,-0.17021193259404996,0.36704549372614137,0.1477983911989546,0.4164271043590503,-0.006650591407028,0.4658,-0.1702
jan-B,BAJAJFINSV.NS,6,5,-0.20944390591531017,-0.856239138621539,-0.2766280440169453,-0.5328415222684246,-0.24303597496612772,0.0071201535977131,-0.2094,-0.8562
jan-B,GRASIM.NS,7,6,0.7329448269365606,-0.6706680675932828,0.5536041728515906,0.031138379671638905,0.6432744998940756,-0.0062987768994605,0.7329,-0.6707
jan-B,HINDALCO.NS,6,5,0.7381252181260632,-0.3956160968213604,0.4711711483985946,0.17125456065235142,0.6046481832623289,-0.0348832661907799,0.7381,-0.3956
jan-B,DRREDDY.NS,13,12,0.5806304181837123,0.0634798196259411,0.4827756130994245,0.3220551189048267,0.5317030156415684,-0.0028182363624884,0.5806,0.0635
jan-B,CIPLA.NS,11,10,-0.8403902625889067,-0.3652789383002156,-0.7614060909596929,-0.6028346004445612,-0.8008981767742998,-0.0025313092834228,-0.8404,-0.3653
jan-B,BRITANNIA.NS,6,5,0.4775533542680672,-0.23431982346229555,0.28043091839506074,0.12161676540288584,0.378992136331564,0.0202643090931128,0.4776,-0.2343
jan-B,EICHERMOT.NS,6,5,0.60471945267168,-0.4928801722127306,0.33369440158164804,0.05591964022947471,0.469206927126664,0.0080642353053174,0.6047,-0.4929
jan-B,HEROMOTOCO.NS,5,4,0.2650058903083932,-0.7808399112299537,0.08398745146735441,-0.2579170104607802,0.17449667088787382,0.0046811776179404,0.265,-0.7808
jan-B,BAJAJ-AUTO.NS,5,4,0.2650058903083932,-0.7808399112299537,0.08398745146735441,-0.2579170104607802,0.17449667088787382,0.018165776868824,0.265,-0.7808
jan-B,DIVISLAB.NS,7,6,-0.26867410521049034,-0.8843371859166094,-0.3588013231662422,-0.5765056455635499,-0.31373771418836627,-0.0213586594685968,-0.2687,-0.8843
jan-B,TECHM.NS,10,10,0.7372795501886237,0.13143238062378873,0.6907881781443999,0.4343559654062062,0.7140338641665118,-0.0104505554916116,0.7373,0.1314
jan-B,INDUSINDBK.NS,9,6,0.16981781909133106,-0.27479446156594595,0.07860029134331273,-0.05248832123730744,0.1242090552173219,-0.0054295662113303,0.1698,-0.2748
jan-B,APOLLOHOSP.NS,6,4,0.6151257404354862,-0.7808399112299537,0.08398745146735441,-0.08285708539723374,0.3495565959514203,0.0128493311445051,0.6151,-0.7808
jan-B,TATACONSUM.NS,11,10,0.2911212494492717,0.47703082778870953,0.24029040909560054,0.38407603861899065,0.26570582927243613,0.0026364329813654,0.2911,0.477
jan-B,SBILIFE.NS,7,6,0.07104996629621593,-0.17506981899604881,0.10319729966962335,-0.05200992634991644,0.08712363298291964,-0.025860296501059,0.071,-0.1751
jan-B,HDFCLIFE.NS,5,5,0.2650058903083932,-0.29906667224101824,0.29657447535275827,-0.01703039096631251,0.2807901828305758,0.004074958283235,0.265,-0.2991
jan-B,SHRIRAMFIN.NS,7,5,0.4858662670261751,-0.3956160968213604,0.4900662789876663,0.04512508510240734,0.4879662730069207,0.0019588339096229,0.4859,-0.3956
jan-B,BPCL.NS,9,8,0.8253723485759379,-0.12734753305764893,0.695387113019669,0.3490124077591445,0.7603797307978035,0.00671442201726,0.8254,-0.1273
feb-A,RELIANCE.NS,13,9,-0.22062013192906674,-0.28033123620733763,-0.038192953570958185,-0.2504756840682022,-0.12940654275001245,-0.0075380808053061,-0.2206,-0.2803
feb-A,TCS.NS,15,9,-0.3619921121930865,-0.1796397492548039,-0.32037775276892744,-0.2708159307239452,-0.341184932481007,-0.0083696371597824,-0.362,-0.1796
feb-A,HDFCBANK.NS,10,6,0.2757593749999999,-0.32653061224489793,-0.34665714285714283,-0.025385618622449008,-0.035448883928571456,-0.0054561783364185,0.2758,-0.3265
feb-A,INFY.NS,12,8,-0.1563699919816653,-0.4092222792881991,-0.23764184513210673,-0.2827961356349322,-0.197005918556886,0.0004907464710745,-0.1564,-0.4092
feb-A,ICICIBANK.NS,9,6,-0.7360608294930874,-0.28407842494456786,-0.4432072706122862,-0.5100696272188276,-0.5896340500526868,0.0019149153555759,-0.7361,-0.2841
feb-A,HINDUNILVR.NS,8,5,-0.09567017543859653,-0.41025641025641024,-0.21180000000000004,-0.2529632928475034,-0.15373508771929828,-0.0306822242444469,-0.0957,-0.4103
feb-A,ITC.NS,13,8,0.27562567440460434,-0.2649572720358711,0.13033119662059212,0.005334201184366616,0.20297843551259823,0.0010288018804881,0.2756,-0.265
feb-A,SBIN.NS,13,8,0.7558622530103485,0.14431956557516634,0.36089071135635675,0.4500909092927574,0.5583764821833526,0.0178837491983509,0.7559,0.1443
feb-A,BHARTIARTL.NS,9,5,-0.4312308494120648,-0.41025641025641024,-0.21180000000000004,-0.4207436298342375,-0.32151542470603245,0.0078194082568355,-0.4312,-0.4103
feb-A,KOTAKBANK.NS,10,6,0.35615872383070424,-0.35243889522431077,-0.2815886315194958,0.0018599143031967358,0.03728504615560421,-0.000453681033544,0.3562,-0.3524
feb-A,LT.NS,10,7,0.20728392562616685,-0.4439675449615667,-0.17389203673433595,-0.11834180966769993,0.016695944445915448,0.0098174289988922,0.2073,-0.444
feb-A,AXISBANK.NS,9,6,0.16593246753246751,-0.33138036709736457,0.004166056996355237,-0.08272394978244853,0.08504926226441138,0.0069379309797605,0.1659,-0.3314
feb-A,BAJFINANCE.NS,14,10,-0.5505081361820496,-0.10319607660096931,-0.2892318602085075,-0.32685210639150947,-0.4198699981952786,0.0383572940561983,-0.5505,-0.1032
feb-A,ASIANPAINT.NS,9,6,-0.3147027234107958,-0.3700051556926756,-0.122203726185219,-0.3423539395517357,-0.2184532247980074,-0.0056108065132549,-0.3147,-0.37
feb-A,MARUTI.NS,12,8,0.42082291154212365,-0.22628681270835269,0.26614915688765306,0.09726804941688548,0.3434860342148883,0.0068770380507683,0.4208,-0.2263
feb-A,HCLTECH.NS,11,7,-0.4670769264035022,-0.4439675449615667,-0.3845744376874508,-0.45552223568253447,-0.4258256820454765,-0.0014748091663117,-0.4671,-0.444
feb-A,SUNPHARMA.NS,17,13,0.37982075911397817,0.09576109414360959,0.2758562230974201,0.23779092662879386,0.3278384911056991,0.0025377848861029,0.3798,0.0958
feb-A,TITAN.NS,14,11,0.7348537299229152,0.2662197605968178,0.4058393198331465,0.5005367452598665,0.5703465248780308,-0.00990800991331,0.7349,0.2662
feb-A,WIPRO.NS,12,9,-0.5547782143181242,-0.09753342214330095,-0.21715697244522744,-0.3261558182307126,-0.38596759338167586,-0.0100929294236472,-0.5548,-0.0975
feb-A,ULTRACEMCO.NS,10,6,-0.10346115939020155,-0.32855920093651747,-0.3250491821667935,-0.21601018016335952,-0.21425517077849754,0.0076185403562237,-0.1035,-0.3286
feb-A,NESTLEIND.NS,10,7,0.33687530526261944,-0.29917934893179193,0.07815942163885846,0.018847978165413753,0.20751736345073896,-0.0048570274681155,0.3369,-0.2992
feb-A,ONGC.NS,11,8,-0.49863270294825607,-0.5881583117784546,-0.16949813699368588,-0.5433955073633553,-0.33406541997097094,-0.0197024085800611,-0.4986,-0.5882
feb-A,NTPC.NS,11,7,0.29738324649133885,-0.2684006084800613,0.1772081413570227,0.01449131900563877,0.23729569392418076,-0.0015724559470251,0.2974,-0.2684
feb-A,POWERGRID.NS,11,10,0.44596761833371884,-0.20512599274130006,0.3199175368705874,0.12042081279620939,0.3829425776021531,-0.0101126446574539,0.446,-0.2051
feb-A,M&M.NS,10,7,-0.7831437665782491,0.017957443710492432,-0.5381858057297816,-0.38259316143387834,-0.6606647861540154,-0.0039310698017594,-0.7831,0.018
feb-A,TATASTEEL.NS,11,7,0.6243528850449318,-0.07087618756670126,0.22440822429319224,0.2767383487391153,0.424380554669062,-0.01100522891408,0.6244,-0.0709
feb-A,JSWSTEEL.NS,9,7,-0.2243248900676786,-0.22193047182809186,-0.1718693145778493,-0.22312768094788524,-0.19809710232276395,-5.726167860830613e-05,-0.2243,-0.2219
feb-A,ADANIENT.NS,14,10,0.5527600700091442,-0.08199477937648789,0.35377984042675176,0.23538264531632813,0.453269955217948,-0.0213152342945939,0.5528,-0.082
feb-A,ADANIPORTS.NS,11,7,0.40681222816878604,-0.1153508649628687,0.15974033330548176,0.14573068160295866,0.2832762807371339,-0.0033163380365286,0.4068,-0.1154
feb-A,COALINDIA.NS,13,10,-0.7969875489428349,-0.06285618296568776,-0.6309575434356154,-0.4299218659542613,-0.7139725461892251,-0.0116507400509834,-0.797,-0.0629
feb-A,BAJAJFINSV.NS,10,7,-0.011966473229135776,0.07737290834978927,-0.1391676954233772,0.03270321756032675,-0.07556708432625649,0.0058607256733274,-0.012,0.0774
feb-A,GRASIM.NS,11,7,0.5830737226027994,-0.28655619161183793,0.07742485535122104,0.14825876549548075,0.3302492889770102,-0.0001341584568403,0.5831,-0.2866
feb-A,HINDALCO.NS,12,8,-0.15147001680450492,-0.126669792038941,-0.2297335898033526,-0.13906990442172296,-0.19060180330392876,-0.0447609042138646,-0.1515,-0.1267
feb-A,DRREDDY.NS,8,5,-0.09567017543859653,-0.41025641025641024,-0.21180000000000004,-0.2529632928475034,-0.15373508771929828,0.0073503733333487,-0.0957,-0.4103
feb-A,CIPLA.NS,8,5,-0.09567017543859653,-0.41025641025641024,-0.21180000000000004,-0.2529632928475034,-0.15373508771929828,0.0138120020761497,-0.0957,-0.4103
feb-A,BRITANNIA.NS,15,13,0.8159276988356203,0.27295275475063113,0.5659441926114313,0.5444402267931258,0.6909359457235258,-0.007227341227201,0.8159,0.273
feb-A,EICHERMOT.NS,14,10,0.15976255151640975,-0.15290384716380534,0.1912490697369608,0.0034293521763022056,0.17550581062668527,0.0280435991789448,0.1598,-0.1529
feb-A,HEROMOTOCO.NS,11,6,0.48674828207325727,-0.19937694704049844,-0.07983738317757015,0.1436856675163794,0.20345544944784355,-0.0133057199351626,0.4867,-0.1994
feb-A,BAJAJ-AUTO.NS,10,6,-0.2807833498115827,-0.32855920093651747,-0.3235357413641425,-0.3046712753740501,-0.3021595455878626,0.0045540933518208,-0.2808,-0.3286
feb-A,DIVISLAB.NS,13,10,-0.3973003470821184,0.07804473792360161,-0.2922648911152122,-0.1596278045792584,-0.3447826190986653,0.0100164186543279,-0.3973,0.078
feb-A,TECHM.NS,10,6,-0.5416983146067416,-0.3239293601391354,-0.3139178862159141,-0.4328138373729385,-0.42780810041132783,0.011252462555362,-0.5417,-0.3239
feb-A,INDUSINDBK.NS,11,7,-0.023980099502487598,-0.27506255227736204,-0.03779517816710216,-0.1495213258899248,-0.030887638834794878,0.0163147858719229,-0.024,-0.2751
feb-A,APOLLOHOSP.NS,12,9,0.7395066350074638,0.13715499164299824,0.4137850739321018,0.43833081332523105,0.5766458544697828,0.0131484484185145,0.7395,0.1372
feb-A,TATACONSUM.NS,11,8,0.42637098742875695,-0.24488034706771522,0.17864843211824627,0.09074532018052087,0.3025097097735016,-0.002194478954412,0.4264,-0.2449
feb-A,SBILIFE.NS,8,5,-0.09567017543859653,-0.41025641025641024,-0.21180000000000004,-0.2529632928475034,-0.15373508771929828,0.0186680051015547,-0.0957,-0.4103
feb-A,HDFCLIFE.NS,9,6,0.2221905862480003,-0.3310550544144397,-0.0021055002558507552,-0.054432234083219705,0.11004254299607477,0.0042879159033697,0.2222,-0.3311
feb-A,SHRIRAMFIN.NS,11,8,-0.10316147299062566,-0.26474040283566674,-0.3452646638205665,-0.1839509379131462,-0.22421306840559607,-0.0030158730357032,-0.1032,-0.2647
feb-A,BPCL.NS,9,6,0.23395386032184706,-0.13800174954963645,0.004825113388795699,0.047976055386105304,0.11938948685532139,0.0031527732395008,0.234,-0.138
feb-B,RELIANCE.NS,5,4,0.7587131837977178,-0.22678517018894603,0.43728759517583055,0.26596400680438587,0.5980003894867741,-0.0144048518578865,0.7587,-0.2268
feb-B,TCS.NS,4,4,0.8032208865290559,0.08969400306689379,0.5815636893671883,0.44645744479797483,0.6923922879481221,0.0022883117084796,0.8032,0.0897
feb-B,HDFCBANK.NS,6,6,-0.8902870821729869,-0.7710184696661011,-0.4808748633067216,-0.830652775919544,-0.6855809727398543,0.001944450603726,-0.8903,-0.771
feb-B,INFY.NS,8,8,-0.6769564896893417,-0.31602316640400957,-0.4695828921032343,-0.49648982804667563,-0.573269690896288,0.0027355663698988,-0.677,-0.316
feb-B,ICICIBANK.NS,3,2,-0.5176224546828834,-0.44946164350321144,0.10541120855104676,-0.48354204909304743,-0.20610562306591831,0.0077967107069522,-0.5176,-0.4495
feb-B,HINDUNILVR.NS,2,2,0.17760516378414598,-0.44946164350321144,0.10541120855104676,-0.13592823985953273,0.14150818616759636,0.0038656015623009,0.1776,-0.4495
feb-B,ITC.NS,7,7,-0.32347375959237784,-0.045447578187054936,0.19729858489454097,-0.18446066888971638,-0.06308758734891844,0.0154956280303371,-0.3235,-0.0454
feb-B,SBIN.NS,3,3,0.8235287097711899,-0.2205653325513595,0.5153660231245365,0.3014816886099152,0.6694473664478632,0.0015309707286475,0.8235,-0.2206
feb-B,BHARTIARTL.NS,6,6,-0.9326935896819788,-0.044576511154830356,-0.7651493776840366,-0.4886350504184046,-0.8489214836830077,0.008104344226019,-0.9327,-0.0446
feb-B,KOTAKBANK.NS,4,4,0.8621787371993942,-0.21119391243360133,0.4849959268916919,0.32549241238289645,0.673587332045543,0.0062924675130707,0.8622,-0.2112
feb-B,LT.NS,8,7,0.45123539701541904,-0.10792213662153564,0.6663722919849053,0.1716566301969417,0.5588038445001622,-0.0381086128106589,0.4512,-0.1079
feb-B,AXISBANK.NS,5,5,0.6951063562255501,-0.15119633183660483,0.5518124313628032,0.2719550121944726,0.6234593937941766,0.0029681947882714,0.6951,-0.1512
feb-B,BAJFINANCE.NS,3,3,-0.6210758277882404,-0.6824699409651859,-0.3463992171726786,-0.6517728843767132,-0.48373752248045954,-0.0063724014653125,-0.6211,-0.6825
feb-B,ASIANPAINT.NS,4,3,-0.8869607939517371,-0.739359953729631,-0.44049231298404323,-0.8131603738406841,-0.6637265534678902,-0.0177297448407463,-0.887,-0.7394
feb-B,MARUTI.NS,6,4,-0.42227558393725156,-0.16037230878619238,-0.11478821705224353,-0.291323946361722,-0.26853190049474757,-0.0202173256942717,-0.4223,-0.1604
feb-B,HCLTECH.NS,8,7,-0.20798886543491962,-0.32556829043349317,-0.3306854260535927,-0.2667785779342064,-0.26933714574425616,-0.0016796614300035,-0.208,-0.3256
feb-B,SUNPHARMA.NS,3,3,0.8421145361366377,-0.19733604074969868,0.5437314142384061,0.3223892476934695,0.6929229751875219,0.0202737167359832,0.8421,-0.1973
feb-B,TITAN.NS,3,3,0.7305634991191623,-0.24388400835929352,0.4593774032421936,0.24333974537993439,0.5949704511806779,-0.001867552783243,0.7306,-0.2439
feb-B,WIPRO.NS,3,3,-0.8634364581859819,-0.7676413210078818,-0.48663987040196527,-0.8155388895969319,-0.6750381642939736,-0.0005426250454703,-0.8634,-0.7676
feb-B,ULTRACEMCO.NS,5,4,0.21921607081124286,-0.2187169978229002,0.48294387274971395,0.0002495364941713374,0.3510799717804784,-0.0009554650391426,0.2192,-0.2187
feb-B,NESTLEIND.NS,4,4,-0.2730378492007968,-0.5064464955550607,0.10115979380455746,-0.38974217237792874,-0.08593902769811967,0.0020602023450087,-0.273,-0.5064
feb-B,ONGC.NS,4,4,0.5374625228326171,-0.020170228887792997,0.3490449416787011,0.25864614697241206,0.4432537322556591,0.0202884331584001,0.5375,-0.0202
feb-B,NTPC.NS,3,2,-0.801253435546431,-0.44946164350321144,0.10541120855104676,-0.6253575395248212,-0.3479211134976921,-4.014697061153344e-05,-0.8013,-0.4495
feb-B,POWERGRID.NS,3,3,-0.7376635288013162,-0.2883067715856749,-0.24030757760469953,-0.5129851501934956,-0.4889855532030079,0.0051557228629978,-0.7377,-0.2883
feb-B,M&M.NS,3,3,-0.543415248638366,-0.6732076902802419,-0.31592189535610554,-0.6083114694593039,-0.42966857199723574,-0.0072226983164762,-0.5434,-0.6732
feb-B,TATASTEEL.NS,2,2,0.17760516378414598,-0.44946164350321144,0.10541120855104676,-0.13592823985953273,0.14150818616759636,0.0051335138327714,0.1776,-0.4495
feb-B,JSWSTEEL.NS,3,3,0.8565747136216699,-0.2050383381923302,0.5451870831578034,0.32576818771466987,0.7008808983897367,0.0134061863445214,0.8566,-0.205
feb-B,ADANIENT.NS,3,3,0.6620727302160155,-0.2667945055554177,0.43756814912371844,0.1976391123302989,0.5498204396698669,-0.0058575841500798,0.6621,-0.2668
feb-B,ADANIPORTS.NS,3,3,0.8447717053396007,-0.2205653325513595,0.5276393754198371,0.3121031863941206,0.6862055403797189,-0.0219830209356225,0.8448,-0.2206
feb-B,COALINDIA.NS,2,2,0.17760516378414598,-0.44946164350321144,0.10541120855104676,-0.13592823985953273,0.14150818616759636,0.0011331858953632,0.1776,-0.4495
feb-B,BAJAJFINSV.NS,2,2,0.17760516378414598,-0.44946164350321144,0.10541120855104676,-0.13592823985953273,0.14150818616759636,-0.0144849704967663,0.1776,-0.4495
feb-B,GRASIM.NS,3,3,0.8276141108178835,-0.21278754182519252,0.5222400277008415,0.3074132844963455,0.6749270692593625,0.0033139973666033,0.8276,-0.2128
feb-B,HINDALCO.NS,4,6,0.24781060978838224,-0.30496435278527756,-0.1398912262220985,-0.028576871498447662,0.05395969178314186,0.0278961788938412,0.2478,-0.305
feb-B,DRREDDY.NS,3,3,0.875263844901041,-0.18969852419836222,0.5718623619546699,0.3427826603513394,0.7235631034278555,0.0176473976205003,0.8753,-0.1897
feb-B,CIPLA.NS,4,4,-0.30820189504977,-0.7930644280489278,-0.1782199678214124,-0.5506331615493489,-0.2432109314355912,0.0138721733788483,-0.3082,-0.7931
feb-B,BRITANNIA.NS,2,2,0.17760516378414598,-0.44946164350321144,0.10541120855104676,-0.13592823985953273,0.14150818616759636,0.0041033051079362,0.1776,-0.4495
feb-B,EICHERMOT.NS,3,2,0.853209512891118,-0.44946164350321144,0.10541120855104676,0.2018739346939533,0.4793103607210824,-0.0116819846126748,0.8532,-0.4495
feb-B,HEROMOTOCO.NS,5,5,0.8385598152656569,0.04733856682850977,0.6306402811207695,0.44294919104708336,0.7346000481932132,-0.0094027792658396,0.8386,0.0473
feb-B,BAJAJ-AUTO.NS,5,5,-0.2559384734845345,-0.4343654060092352,-0.09360100721046351,-0.34515193974688485,-0.174769740347499,-0.0083538490753685,-0.2559,-0.4344
feb-B,DIVISLAB.NS,2,2,0.17760516378414598,-0.44946164350321144,0.10541120855104676,-0.13592823985953273,0.14150818616759636,0.0105700717541839,0.1776,-0.4495
feb-B,TECHM.NS,4,4,-0.9195606276120611,-0.5224056189811254,-0.6531377582447541,-0.7209831232965933,-0.7863491929284077,0.0022178477892456,-0.9196,-0.5224
feb-B,INDUSINDBK.NS,4,4,0.8346481084733464,0.2795729308166416,0.6193451743656923,0.5571105196449939,0.7269966414195193,-0.0035438874486883,0.8346,0.2796
feb-B,APOLLOHOSP.NS,2,2,0.17760516378414598,-0.44946164350321144,0.10541120855104676,-0.13592823985953273,0.14150818616759636,0.0075147041225438,0.1776,-0.4495
feb-B,TATACONSUM.NS,4,4,0.6749754563336606,-0.17195533324058238,0.5012779789038517,0.2515100615465391,0.5881267176187561,-0.0024972632564702,0.675,-0.172
feb-B,SBILIFE.NS,6,5,0.6095887904973817,-0.18508245502359155,0.34158578999484596,0.21225316773689507,0.4755872902461138,0.0088959447734395,0.6096,-0.1851
feb-B,HDFCLIFE.NS,5,4,0.5264762592329585,-0.1663385459135768,0.6071276425278832,0.18006885665969086,0.5668019508804208,0.0001662091447451,0.5265,-0.1663
feb-B,SHRIRAMFIN.NS,3,2,0.3214167841840744,-0.44946164350321144,0.10541120855104676,-0.06402242965956853,0.21341399636756056,-0.0135709890694576,0.3214,-0.4495
feb-B,BPCL.NS,6,7,0.8258314221556764,-0.10624581005236729,0.6082932271110236,0.35979280605165453,0.7170623246333501,-0.0161536227998462,0.8258,-0.1062
mar-A,RELIANCE.NS,5,5,-0.4753160131979836,-0.3585176646515625,-0.21819407626374526,-0.41691683892477305,-0.34675504473086444,0.0129979066730825,-0.4753,-0.3585
mar-A,TCS.NS,3,2,-0.584291893906542,-0.24144759411492792,-0.8970631817728579,-0.41286974401073495,-0.7406775378396999,0.0081972977030437,-0.5843,-0.2414
mar-A,HDFCBANK.NS,1,1,-0.7562,-1.0,-0.7562,-0.8781,-0.7562,0.0023449726489643,-0.7562,-1.0
mar-A,INFY.NS,2,2,0.6392780088839043,-1.0,0.3644423769325819,-0.18036099555804785,0.5018601929082431,0.007432878566298,0.6393,-1.0
mar-A,ICICIBANK.NS,7,6,-0.1866906612305761,-0.38490527557293314,-0.3697307960699617,-0.28579796840175464,-0.27821072865026886,0.0120201578930409,-0.1867,-0.3849
mar-A,HINDUNILVR.NS,5,4,-0.7392294054323403,-0.7550864071355025,-0.8700224924789381,-0.7471579062839213,-0.8046259489556392,0.0320683589498925,-0.7392,-0.7551
mar-A,ITC.NS,3,3,-0.08810795033670661,-1.0,-0.16611255775029996,-0.5440539751683533,-0.1271102540435033,0.0125439654285802,-0.0881,-1.0
mar-A,SBIN.NS,3,2,-0.9052766550522645,-1.0,-0.9007778454132783,-0.9526383275261323,-0.9030272502327714,-0.013942640010418,-0.9053,-1.0
mar-A,BHARTIARTL.NS,1,2,-0.7562,-1.0,-0.09937762440197108,-0.8781,-0.4277888122009855,0.0224239880756041,-0.7562,-1.0
mar-A,KOTAKBANK.NS,2,2,-0.9506023449195518,-1.0,-0.907609807292243,-0.9753011724597759,-0.9291060761058973,-0.0012570960411001,-0.9506,-1.0
mar-A,LT.NS,4,2,0.21121303477994238,-0.3877665210089662,0.25061795620075505,-0.0882767431145119,0.23091549549034873,-0.0541552142561721,0.2112,-0.3878
mar-A,AXISBANK.NS,6,5,-0.9412061571452429,-0.5793053907805897,-0.9305321583776848,-0.7602557739629163,-0.9358691577614638,-0.0088754408195862,-0.9412,-0.5793
mar-A,BAJFINANCE.NS,3,2,-0.7526670725776315,-0.35657940006098443,-0.888873327707425,-0.554623236319308,-0.8207702001425283,0.0119313457647605,-0.7527,-0.3566
mar-A,ASIANPAINT.NS,6,6,-0.8008164011689753,-0.09679075600487741,-0.7627908498889127,-0.4488035785869264,-0.781803625528944,0.0102732071694841,-0.8008,-0.0968
mar-A,MARUTI.NS,2,2,-0.583290909090909,-0.4801564102904401,-0.6573257492372417,-0.5317236596906745,-0.6203083291640754,-0.011022201162961,-0.5833,-0.4802
mar-A,HCLTECH.NS,2,1,0.19637575757575756,-1.0,-0.7562,-0.40181212121212123,-0.2799121212121212,-0.0028195566735403,0.1964,-1.0
mar-A,SUNPHARMA.NS,4,4,0.18074276465473724,-0.12394742868869466,-0.02418868278147335,0.02839766798302129,0.07827704093663194,0.0082739702135902,0.1807,-0.1239
mar-A,TITAN.NS,2,1,-0.6193756139482731,-1.0,-0.7562,-0.8096878069741366,-0.6877878069741366,0.0076006447356262,-0.6194,-1.0
mar-A,WIPRO.NS,3,3,-0.9361278614455693,-0.4598815806195546,-0.915868212867661,-0.698004721032562,-0.9259980371566151,-0.0030862643305054,-0.9361,-0.4599
mar-A,ULTRACEMCO.NS,2,2,0.24342535224419865,0.24510779513130102,-0.07742948548417128,0.24426657368774984,0.08299793338001368,-0.0213967062389916,0.2434,0.2451
mar-A,NESTLEIND.NS,1,1,-0.7562,-1.0,-0.7562,-0.8781,-0.7562,0.0060221867162381,-0.7562,-1.0
mar-A,ONGC.NS,2,2,-0.8891554938358818,-1.0,-0.8605590221854873,-0.9445777469179408,-0.8748572580106846,-0.0025820816814215,-0.8892,-1.0
mar-A,NTPC.NS,2,1,0.6763925925925927,-1.0,-0.7562,-0.16180370370370367,-0.039903703703703663,0.0056392401546494,0.6764,-1.0
mar-A,POWERGRID.NS,2,2,0.8510815533980584,-0.21697391408761488,0.5400996852279537,0.3170538196552217,0.695590619313006,0.0125296070075658,0.8511,-0.217
mar-A,M&M.NS,1,1,-0.7562,-1.0,-0.7562,-0.8781,-0.7562,-0.0117650003531664,-0.7562,-1.0
mar-A,TATASTEEL.NS,3,3,-0.8116597366745685,-0.23167545077279603,-0.8038841423364134,-0.5216675937236822,-0.807771939505491,-0.0302227312555326,-0.8117,-0.2317
mar-A,JSWSTEEL.NS,1,1,-0.7562,-1.0,-0.7562,-0.8781,-0.7562,-0.0241963069609597,-0.7562,-1.0
mar-A,ADANIENT.NS,1,1,-0.7562,-1.0,-0.7562,-0.8781,-0.7562,0.0008286096752889,-0.7562,-1.0
mar-A,ADANIPORTS.NS,6,5,0.19103332544102272,-0.4200470616638849,-0.31016664146520895,-0.11450686811143108,-0.05956665801209311,0.0009203803789536,0.191,-0.42
mar-A,COALINDIA.NS,3,3,0.8574135979696708,-0.5695984189797725,0.6621761795225285,0.14390758949494914,0.7597948887460997,0.0146638224513471,0.8574,-0.5696
mar-A,BAJAJFINSV.NS,1,1,-0.7562,-1.0,-0.7562,-0.8781,-0.7562,0.0027354483115146,-0.7562,-1.0
mar-A,GRASIM.NS,3,3,-0.7690116059625272,-1.0,-0.7863963704324264,-0.8845058029812636,-0.7777039881974768,-0.0178350092779095,-0.769,-1.0
mar-A,HINDALCO.NS,3,3,0.7745152914982174,-1.0,0.5794897141489662,-0.1127423542508913,0.6770025028235918,-0.0403040939231996,0.7745,-1.0
mar-A,DRREDDY.NS,1,1,-0.7562,-1.0,-0.7562,-0.8781,-0.7562,0.0010156059612686,-0.7562,-1.0
mar-A,CIPLA.NS,3,2,-0.9022075646705251,-0.3254424986862205,-0.8592049304506141,-0.6138250316783728,-0.8807062475605696,0.0140089960970663,-0.9022,-0.3254
mar-A,BRITANNIA.NS,3,2,-0.8785353072302238,-0.3254424986862205,-0.8938771860181424,-0.6019889029582222,-0.8862062466241831,0.0249734007560436,-0.8785,-0.3254
mar-A,EICHERMOT.NS,2,2,0.8067368806241375,-0.266739588710026,0.45221315780587723,0.26999864595705575,0.6294750192150074,-0.0123594848377458,0.8067,-0.2667
mar-A,HEROMOTOCO.NS,3,2,-0.032042548900092664,-1.0,0.5074724529639417,-0.5160212744500463,0.23771495203192453,-0.0136848205188397,-0.032,-1.0
mar-A,BAJAJ-AUTO.NS,1,1,-0.7562,-1.0,-0.7562,-0.8781,-0.7562,-0.0100668161091349,-0.7562,-1.0
mar-A,DIVISLAB.NS,3,2,0.18239888325379794,-0.22898096961872116,0.5327125130883839,-0.023291043182461613,0.3575556981710909,-0.0123298523114236,0.1824,-0.229
mar-A,TECHM.NS,3,3,0.8557062282226884,0.20464230631737027,0.6529129746680624,0.5301742672700294,0.7543096014453754,0.0086637189959204,0.8557,0.2046
mar-A,INDUSINDBK.NS,1,2,-0.7562,0.03968717941911982,0.030375335589535073,-0.3582564102904401,-0.36291233220523245,0.0008697104246446,-0.7562,0.0397
mar-A,APOLLOHOSP.NS,1,1,-0.7562,-1.0,-0.7562,-0.8781,-0.7562,0.0180236400454804,-0.7562,-1.0
mar-A,TATACONSUM.NS,2,2,-0.9516368932038834,-0.21697391408761488,-0.9138231510941631,-0.5843054036457491,-0.9327300221490233,0.0456482789583062,-0.9516,-0.217
mar-A,SBILIFE.NS,2,1,0.4333454545454545,-1.0,-0.7562,-0.28332727272727276,-0.16142727272727275,0.0032113586021011,0.4333,-1.0
mar-A,HDFCLIFE.NS,3,2,-0.9135689245188301,-0.31041371690645464,-0.827985932070038,-0.6119913207126424,-0.870777428294434,-0.0096385285143143,-0.9136,-0.3104
mar-A,SHRIRAMFIN.NS,2,2,-0.16909215686274512,-0.6153846153846154,-0.4271615384615385,-0.3922383861236803,-0.2981268476621418,-0.0059784004332801,-0.1691,-0.6154
mar-A,BPCL.NS,6,5,-0.1698724005755524,0.09263387527987894,-0.4084289533990561,-0.03861926264783672,-0.28915067698730423,-0.000344452648154,-0.1699,0.0926
mar-B,RELIANCE.NS,5,5,-0.6235987341772151,-0.19985825271951152,-0.5168898414444906,-0.4117284934483633,-0.5702442878108529,0.0161565386966544,-0.6236,-0.1999
mar-B,TCS.NS,7,7,0.2356536149476612,-0.6720535483968478,0.12420953584625333,-0.2181999667245933,0.17993157539695726,0.0063419987526188,0.2357,-0.6721
mar-B,HDFCBANK.NS,7,6,-0.8863683698195429,-0.4426909647929483,-0.7893996199837202,-0.6645296673062456,-0.8378839949016316,-0.0133252022058177,-0.8864,-0.4427
mar-B,INFY.NS,6,5,0.83739208953894,-0.07301411353482076,0.8299526861306818,0.3821889880020596,0.8336723878348109,0.0042291120378508,0.8374,-0.073
mar-B,ICICIBANK.NS,3,2,-0.7546235876463779,-0.21697391408761485,-0.5905489237354482,-0.4857987508669964,-0.672586255690913,-0.003341054295718,-0.7546,-0.217
mar-B,HINDUNILVR.NS,2,4,-0.2620847589155022,0.363202383902658,0.27159018324314743,0.05055881249357791,0.004752712163822614,0.010016380275194,-0.2621,0.3632
mar-B,ITC.NS,4,4,-0.3815991694007775,0.6486437772020137,-0.06372303082349574,0.13352230390061812,-0.2226611001121366,-0.0044809626961612,-0.3816,0.6486
mar-B,SBIN.NS,2,3,0.8229389165661963,-0.21508925575269455,0.7525757034919897,0.3039248304067509,0.787757310029093,-0.0200609384192306,0.8229,-0.2151
mar-B,BHARTIARTL.NS,3,3,0.8005627209081521,0.04692223172701638,0.7662876058383579,0.4237424763175842,0.783425163373255,-0.0140811883558852,0.8006,0.0469
mar-B,KOTAKBANK.NS,4,3,0.1564157387745686,-0.12510580897763798,0.015592107358184679,0.01565496489846531,0.08600392306637664,-0.015549765003347,0.1564,-0.1251
mar-B,LT.NS,6,5,0.2992400351357413,0.09133975342908036,0.39723568181087215,0.19528989428241084,0.34823785847330674,0.0024374716535145,0.2992,0.0913
mar-B,AXISBANK.NS,2,1,-0.4012520839536202,-1.0,0.5208,-0.7006260419768101,0.05977395802318991,-0.0171533800682882,-0.4013,-1.0
mar-B,BAJFINANCE.NS,5,5,-0.8398770670876874,-0.0659475416464744,-0.7860873650849188,-0.4529123043670809,-0.8129822160863032,-0.0307990776980425,-0.8399,-0.0659
mar-B,ASIANPAINT.NS,3,2,0.08185683166878527,-0.34546542161916505,-0.26424877330997343,-0.1318042949751899,-0.09119597082059408,0.000154453902698,0.0819,-0.3455
mar-B,MARUTI.NS,4,3,0.8569865023518674,-0.1366926704014838,0.8609402851762306,0.3601469159751918,0.858963393764049,0.0125725384393106,0.857,-0.1367
mar-B,HCLTECH.NS,4,3,0.22420462613709044,-1.0,0.7702888487283347,-0.38789768693145477,0.4972467374327126,0.0025613821092408,0.2242,-1.0
mar-B,SUNPHARMA.NS,2,2,0.5638833333333334,-0.4117647058823529,0.5512117647058824,0.07605931372549024,0.5575475490196079,-0.0010223639821572,0.5639,-0.4118
mar-B,TITAN.NS,5,4,0.06386535198702273,0.0659381891509868,0.1957837787655518,0.06490177056900476,0.12982456537628728,0.0117120405588169,0.0639,0.0659
mar-B,WIPRO.NS,3,3,0.6962433288536125,-0.4152046783625731,0.29264210526315787,0.14051932524551972,0.49444271705838516,-0.0013960629140907,0.6962,-0.4152
mar-B,ULTRACEMCO.NS,3,2,0.7710975285263161,0.3791725661870907,0.6807840176777025,0.5751350473567034,0.7259407731020093,-0.0082417722303491,0.7711,0.3792
mar-B,NESTLEIND.NS,1,1,0.5208,-1.0,0.5208,-0.23959999999999998,0.5208,0.0038513937380477,0.5208,-1.0
mar-B,ONGC.NS,5,4,0.8520872305996259,0.1307478300976574,0.8285496174820343,0.49141753034864166,0.8403184240408301,0.0288481305534396,0.8521,0.1307
mar-B,NTPC.NS,1,1,0.5208,-1.0,0.5208,-0.23959999999999998,0.5208,0.0059617674952628,0.5208,-1.0
mar-B,POWERGRID.NS,5,3,0.36049556781772446,-0.22162103583524706,0.7187447957124331,0.0694372659912387,0.5396201817650788,0.0213025074313591,0.3605,-0.2216
mar-B,M&M.NS,2,2,0.7579927642224794,-0.34546542161916505,0.7207603136953451,0.20626367130165718,0.7393765389589122,-0.0092026671683028,0.758,-0.3455
mar-B,TATASTEEL.NS,1,1,0.5208,-1.0,0.5208,-0.23959999999999998,0.5208,0.012233422118533,0.5208,-1.0
mar-B,JSWSTEEL.NS,3,5,-0.2388307529770706,-0.28951949298268065,0.13908275087715255,-0.2641751229798756,-0.049874001049959024,0.0123711642321334,-0.2388,-0.2895
mar-B,ADANIENT.NS,2,2,-0.7243457579279171,-0.21697391408761485,-0.6015895915468129,-0.47065983600776595,-0.662967674737365,-0.0159446215069512,-0.7243,-0.217
mar-B,ADANIPORTS.NS,1,1,0.5208,-1.0,0.5208,-0.23959999999999998,0.5208,0.0004350457580916,0.5208,-1.0
mar-B,COALINDIA.NS,2,2,-0.7030346273871552,-1.0,-0.5692886550820941,-0.8515173136935776,-0.6361616412346247,0.03140555326304,-0.703,-1.0
mar-B,BAJAJFINSV.NS,3,3,0.5454423685551623,-0.12689590482331164,0.22021777270602774,0.2092732318659253,0.382830070630595,-0.0178436272168272,0.5454,-0.1269
mar-B,GRASIM.NS,1,2,0.5208,-0.4616184480657701,0.571461704037011,0.029590775967114957,0.5461308520185055,-0.0075524131589453,0.5208,-0.4616
mar-B,HINDALCO.NS,2,3,0.7192094709218108,0.3518308348523061,0.7038791073164968,0.5355201528870585,0.7115442891191538,0.0397520111744134,0.7192,0.3518
mar-B,DRREDDY.NS,3,3,0.021271698113207584,-0.5572361546380855,0.05191308776173262,-0.26798222826243895,0.0365923929374701,-0.0016376429941457,0.0213,-0.5572
mar-B,CIPLA.NS,3,4,-0.7441897318386614,-0.4223691905994753,-0.17287954632595204,-0.5832794612190684,-0.45853463908230674,0.0047021892498955,-0.7442,-0.4224
mar-B,BRITANNIA.NS,1,1,0.5208,-1.0,0.5208,-0.23959999999999998,0.5208,0.0052720299236919,0.5208,-1.0
mar-B,EICHERMOT.NS,2,2,0.7510702702702703,-0.2815440886620423,0.765649774583976,0.234763090804114,0.7583600224271232,-0.0138337470710962,0.7511,-0.2815
mar-B,HEROMOTOCO.NS,2,2,0.7843135135135134,-0.2815440886620423,0.8009978054218035,0.25138471242573557,0.7926556594676585,0.0037169064548994,0.7843,-0.2815
mar-B,BAJAJ-AUTO.NS,2,3,-0.41228333333333333,-0.6307713907990791,-0.4789630728149514,-0.5215273620662062,-0.4456232030741424,0.0058466581751048,-0.4123,-0.6308
mar-B,DIVISLAB.NS,1,1,0.5208,-1.0,0.5208,-0.23959999999999998,0.5208,0.0108518548507449,0.5208,-1.0
mar-B,TECHM.NS,4,4,0.7589650134998622,-0.10836084781573038,0.7995915993202571,0.3253020828420659,0.7792783064100597,0.0138107079063949,0.759,-0.1084
mar-B,INDUSINDBK.NS,2,2,-0.8611811320754718,0.6528925619834711,-0.6898611570247934,-0.10414428504600032,-0.7755211445501327,-0.0313241169485132,-0.8612,0.6529
mar-B,APOLLOHOSP.NS,2,1,0.8033498284986341,-1.0,0.5208,-0.09832508575068294,0.6620749142493171,0.0020512059734998,0.8033,-1.0
mar-B,TATACONSUM.NS,2,3,0.4551181818181818,-0.09638554216867468,0.06812530120481929,0.17936631982475357,0.2616217415115005,-0.0128691256287744,0.4551,-0.0964
mar-B,SBILIFE.NS,2,3,0.5633,-0.2525458914522797,0.6292948755140263,0.15537705427386017,0.5962974377570132,-0.0135424713600192,0.5633,-0.2525
mar-B,HDFCLIFE.NS,1,1,0.5208,-1.0,0.5208,-0.23959999999999998,0.5208,-0.0128486934924937,0.5208,-1.0
mar-B,SHRIRAMFIN.NS,4,4,-0.03261588049466719,-0.11048668432283369,-0.019948367743434937,-0.07155128240875044,-0.026282124119051065,-0.0158021155013826,-0.0326,-0.1105
mar-B,BPCL.NS,8,7,0.23404468780668267,0.12055381395198453,0.3509359817329872,0.1772992508793336,0.29249033476983494,0.0132585451920879,0.234,0.1206
apr-A,RELIANCE.NS,9,8,-0.3679423776179095,-0.1450838545073187,-0.02070364086964484,-0.25651311606261407,-0.19432300924377716,-0.0134137076100728,-0.3679,-0.1451
apr-A,TCS.NS,16,14,-0.01395704362414395,0.444980390191733,0.22007970461184653,0.21551167328379453,0.10306133049385129,0.0032262085265719,-0.014,0.445
apr-A,HDFCBANK.NS,9,9,0.5808623835582767,0.010020744882794303,0.31954572308165075,0.29544156422053547,0.4502040533199637,-0.0093895246880057,0.5809,0.01
apr-A,INFY.NS,7,6,-0.49877174003556995,0.010801588420567677,0.07145539732501492,-0.24398507580750114,-0.2136581713552775,0.0010074477742058,-0.4988,0.0108
apr-A,ICICIBANK.NS,6,5,0.3071625142525964,0.014935296120971919,0.4662258998926244,0.16104890518678416,0.3866942070726104,0.0109240407006791,0.3072,0.0149
apr-A,HINDUNILVR.NS,6,5,0.3071625142525964,0.014935296120971919,0.4662258998926244,0.16104890518678416,0.3866942070726104,-0.0078287345830102,0.3072,0.0149
apr-A,ITC.NS,7,6,0.6468897865747436,0.011005574027079476,0.5782277579368612,0.32894768030091154,0.6125587722558024,-0.0161268016358309,0.6469,0.011
apr-A,SBIN.NS,8,7,-0.033831982003902056,-0.2113848633796233,0.2381389309045275,-0.12260842269176268,0.10215347445031273,-0.0043960624805726,-0.0338,-0.2114
apr-A,BHARTIARTL.NS,8,7,-0.30319129306164283,-0.055835300822014156,0.0032166600103345814,-0.1795132969418285,-0.1499873165256541,-0.0165429630540202,-0.3032,-0.0558
apr-A,KOTAKBANK.NS,9,7,-0.15422286560719756,-0.1610089874910845,0.25968686473027963,-0.15761592654914103,0.05273199956154104,0.0120626223730146,-0.1542,-0.161
apr-A,LT.NS,11,9,0.3415538326333755,0.007963898331265188,0.6359302769291661,0.17475886548232036,0.48874205478127086,0.0204988908565388,0.3416,0.008
apr-A,AXISBANK.NS,7,6,0.6392788032259821,0.011005574027079476,0.5747809324428755,0.32514218862653077,0.6070298678344288,-0.0054164947893278,0.6393,0.011
apr-A,BAJFINANCE.NS,6,5,0.3071625142525964,0.014935296120971919,0.4662258998926244,0.16104890518678416,0.3866942070726104,-0.0212261615321218,0.3072,0.0149
apr-A,ASIANPAINT.NS,10,10,0.6860056043002145,0.05982353359247254,0.4484078467646926,0.3729145689463435,0.5672067255324535,0.0175369621436948,0.686,0.0598
apr-A,MARUTI.NS,8,7,0.06022132367102469,0.010923750770171155,0.37867940003307654,0.03557253722059792,0.2194503618520506,-0.039532686055586,0.0602,0.0109
apr-A,HCLTECH.NS,6,5,0.3071625142525964,0.014935296120971919,0.4662258998926244,0.16104890518678416,0.3866942070726104,-0.0088269534376684,0.3072,0.0149
apr-A,SUNPHARMA.NS,7,6,-0.5674439715399039,0.01059119374878389,0.04999558507101783,-0.27842638889556,-0.258724193234443,0.0163019891577972,-0.5674,0.0106
apr-A,TITAN.NS,12,9,0.7651258067055666,0.006856009236874255,0.6509778217130565,0.38599090797122043,0.7080518142093115,-0.0050778547423904,0.7651,0.0069
apr-A,WIPRO.NS,9,7,-0.20427178534207488,-0.22648828189524126,0.21194425292733912,-0.21538003361865807,0.003836233792632121,0.0148741091959325,-0.2043,-0.2265
apr-A,ULTRACEMCO.NS,7,6,0.3867437646614066,0.013195121656991009,0.4681104126439454,0.1999694431591988,0.427427088652676,0.0080167114053552,0.3867,0.0132
apr-A,NESTLEIND.NS,6,5,0.3071625142525964,0.014935296120971919,0.4662258998926244,0.16104890518678416,0.3866942070726104,-0.0030526647417031,0.3072,0.0149
apr-A,ONGC.NS,6,5,0.3071625142525964,0.014935296120971919,0.4662258998926244,0.16104890518678416,0.3866942070726104,-0.0050564152796979,0.3072,0.0149
apr-A,NTPC.NS,9,7,0.3306089535082702,0.008558814013335945,0.298451767212543,0.16958388376080308,0.3145303603604066,0.0238543846900207,0.3306,0.0086
apr-A,POWERGRID.NS,6,5,0.3071625142525964,0.014935296120971919,0.4662258998926244,0.16104890518678416,0.3866942070726104,0.0231437988652198,0.3072,0.0149
apr-A,M&M.NS,7,6,0.42102679159282264,0.01252619344688453,0.5352269910077125,0.2167764925198536,0.4781268913002676,-0.0099082251278122,0.421,0.0125
apr-A,TATASTEEL.NS,10,8,0.708668564445215,0.12554216329866297,0.6304559532494274,0.41710536387193897,0.6695622588473211,0.0013165356551953,0.7087,0.1255
apr-A,JSWSTEEL.NS,6,5,0.3071625142525964,0.014935296120971919,0.4662258998926244,0.16104890518678416,0.3866942070726104,-0.005767851608594,0.3072,0.0149
apr-A,ADANIENT.NS,8,7,-0.06222620912798093,0.008810720667137804,0.22883968559291082,-0.026707744230421562,0.08330673823246494,0.0187061726519403,-0.0622,0.0088
apr-A,ADANIPORTS.NS,6,5,0.3071625142525964,0.014935296120971919,0.4662258998926244,0.16104890518678416,0.3866942070726104,0.0158448413378335,0.3072,0.0149
apr-A,COALINDIA.NS,7,6,-0.5570611514587421,-0.28027028880917537,0.05438759345764305,-0.41866572013395875,-0.2513367790005495,-0.0049797720018221,-0.5571,-0.2803
apr-A,BAJAJFINSV.NS,6,5,0.3071625142525964,0.014935296120971919,0.4662258998926244,0.16104890518678416,0.3866942070726104,0.0002795022170136,0.3072,0.0149
apr-A,GRASIM.NS,6,5,0.3071625142525964,0.014935296120971919,0.4662258998926244,0.16104890518678416,0.3866942070726104,-0.009333490337441,0.3072,0.0149
apr-A,HINDALCO.NS,9,7,0.7266693464739643,0.2088988295292163,0.6454779206991355,0.4677840880015903,0.6860736335865498,0.0106082415232499,0.7267,0.2089
apr-A,DRREDDY.NS,7,5,0.5492064531078702,0.014935296120971919,0.4662258998926244,0.28207087461442104,0.5077161765002474,-0.0205822138718086,0.5492,0.0149
apr-A,CIPLA.NS,7,6,0.06268369462257825,0.012244050915309706,0.2333930450880219,0.03746387276894398,0.14803836985530006,-0.0109292598534931,0.0627,0.0122
apr-A,BRITANNIA.NS,7,5,0.43930634252571327,0.014935296120971919,0.4662258998926244,0.2271208193233426,0.4527661212091688,0.0085580130189077,0.4393,0.0149
apr-A,EICHERMOT.NS,10,9,0.3869175361349479,0.06631376000270492,0.37309932918999533,0.2266156480688264,0.38000843266247164,-0.0487665677743663,0.3869,0.0663
apr-A,HEROMOTOCO.NS,7,6,-0.0196153710277432,0.20274862794109827,0.19386185335469625,0.09156662845667754,0.08712324116347653,-0.0416407788783634,-0.0196,0.2027
apr-A,BAJAJ-AUTO.NS,9,7,0.7598335690836653,0.008451254695564653,0.645960621930355,0.38414241188961495,0.7028970955070102,-0.0036480185766348,0.7598,0.0085
apr-A,DIVISLAB.NS,7,7,-0.020258906936861217,-0.0918064820016005,0.23556698424898484,-0.05603269446923086,0.10765403865606181,0.0010771456689201,-0.0203,-0.0918
apr-A,TECHM.NS,6,5,0.3071625142525964,0.014935296120971919,0.4662258998926244,0.16104890518678416,0.3866942070726104,0.0213777638294624,0.3072,0.0149
apr-A,INDUSINDBK.NS,6,5,0.3071625142525964,0.014935296120971919,0.4662258998926244,0.16104890518678416,0.3866942070726104,0.0021763939972531,0.3072,0.0149
apr-A,APOLLOHOSP.NS,7,5,0.36858034295028397,0.014935296120971919,0.4662258998926244,0.19175781953562795,0.4174031214214542,0.0084774827275077,0.3686,0.0149
apr-A,TATACONSUM.NS,9,8,0.5394367267457794,0.008009784354822035,0.4357160069429722,0.2737232555503007,0.4875763668443758,-0.0084386728992205,0.5394,0.008
apr-A,SBILIFE.NS,6,5,0.3071625142525964,0.014935296120971919,0.4662258998926244,0.16104890518678416,0.3866942070726104,0.015958557218639,0.3072,0.0149
apr-A,HDFCLIFE.NS,6,5,0.3071625142525964,0.014935296120971919,0.4662258998926244,0.16104890518678416,0.3866942070726104,0.0511885363328523,0.3072,0.0149
apr-A,SHRIRAMFIN.NS,9,8,0.7509485305018763,0.1941963086539914,0.6603318621694608,0.47257241957793383,0.7056401963356685,-0.0153189585605026,0.7509,0.1942
apr-A,BPCL.NS,11,10,-0.2623897619121612,-0.1903761628447772,-0.0640825162073892,-0.2263829623784692,-0.1632361390597752,0.0281844822522611,-0.2624,-0.1904
apr-B,RELIANCE.NS,8,6,-0.2893138385675031,0.15812908038049445,-0.40384419023005313,-0.06559237909350432,-0.34657901439877814,0.0274458316865286,-0.2893,0.1581
apr-B,TCS.NS,4,4,-0.7696746654699218,-0.11346843873788069,-0.3991513114442674,-0.44157155210390125,-0.5844129884570946,0.0092221778735743,-0.7697,-0.1135
apr-B,HDFCBANK.NS,4,2,-0.10067121328657024,-0.26871995763177564,-0.574307768790368,-0.18469558545917295,-0.33748949103846915,-0.0165869316978416,-0.1007,-0.2687
apr-B,INFY.NS,14,9,-0.8744013539178607,-0.3476572402443812,-0.8414390487077046,-0.611029297081121,-0.8579202013127827,0.0230571126176002,-0.8744,-0.3477
apr-B,ICICIBANK.NS,6,5,0.5384083706657369,-0.11295098882234114,0.42480464846141863,0.21272869092169788,0.48160650956357776,-0.0248582129815102,0.5384,-0.113
apr-B,HINDUNILVR.NS,5,6,0.5795490900690115,-0.07948826840215922,0.3986225786893075,0.25003041083342614,0.4890858343791595,-0.0195816264813604,0.5795,-0.0795
apr-B,ITC.NS,4,4,-0.21988851593229522,-0.14222643865548992,0.11335308274870591,-0.18105747729389257,-0.053267716591794655,0.0316020563473906,-0.2199,-0.1422
apr-B,SBIN.NS,6,5,-0.5363666556832735,-0.07434331554573448,-0.14983313830423553,-0.30535498561450397,-0.3430998969937545,-0.0236603530582522,-0.5364,-0.0743
apr-B,BHARTIARTL.NS,6,5,0.6040000601232298,0.12664474562366826,0.18028373880691922,0.365322402873449,0.3921418994650745,0.020599391868288,0.604,0.1266
apr-B,KOTAKBANK.NS,6,5,0.4035178141455947,-0.5141765003505426,0.2731461662419399,-0.05532934310247398,0.33833199019376725,0.0114332375283223,0.4035,-0.5142
apr-B,LT.NS,6,4,-0.13276828870852836,0.0077157375853497,0.2845659665977156,-0.06252627556158932,0.07589883894459362,-0.0085916748608175,-0.1328,0.0077
apr-B,AXISBANK.NS,9,6,-0.5643420456797102,0.0839089239420493,-0.7297795576818856,-0.24021656086883048,-0.6470608016807979,-0.0187809315214475,-0.5643,0.0839
apr-B,BAJFINANCE.NS,5,4,0.5442897499374992,0.27396212327970193,0.37168117555291424,0.4091259366086006,0.45798546274520674,0.011731490986976,0.5443,0.274
apr-B,ASIANPAINT.NS,8,6,-0.5553309355125593,-0.6697162213060631,-0.46710637729204396,-0.6125235784093113,-0.5112186564023016,-0.0100720722173105,-0.5553,-0.6697
apr-B,MARUTI.NS,7,6,0.7780300536230021,0.3760478024248527,0.6191843591639767,0.5770389280239274,0.6986072063934894,0.0300114691583428,0.778,0.376
apr-B,HCLTECH.NS,11,9,-0.4008925256241586,-0.15432517744186383,-0.6882914455885124,-0.27760885153301124,-0.5445919856063355,-0.0001300561365753,-0.4009,-0.1543
apr-B,SUNPHARMA.NS,11,7,0.4486413899988254,-0.05199504131460861,0.15896308517290175,0.1983231743421084,0.30380223758586355,0.0321889956082108,0.4486,-0.052
apr-B,TITAN.NS,3,3,-0.5465119231216894,-0.18472205559847418,-0.12408876783905813,-0.3656169893600818,-0.33530034548037374,-0.0099214213940474,-0.5465,-0.1847
apr-B,WIPRO.NS,5,5,-0.6771614575866164,-0.3277473325612886,-0.8012226360243169,-0.5024543950739525,-0.7391920468054667,-0.0073356012194502,-0.6772,-0.3277
apr-B,ULTRACEMCO.NS,8,6,0.7492857407672598,0.6144656391612845,0.5699239119346962,0.6818756899642722,0.659604826350978,-0.0222701176246462,0.7493,0.6145
apr-B,NESTLEIND.NS,17,16,0.7371370879784399,0.29667145788774973,0.7366200718462838,0.5169042729330948,0.7368785799123618,0.0101946407448298,0.7371,0.2967
apr-B,ONGC.NS,8,5,0.09902968512763032,-0.08399467721620905,0.00888904586311871,0.0075175039557106305,0.053959365495374514,-0.008530173822922,0.099,-0.084
apr-B,NTPC.NS,5,4,0.024192133012768218,-0.12939925206231856,0.19255491414567885,-0.05260355952477517,0.10837352357922353,-0.0216479327516174,0.0242,-0.1294
apr-B,POWERGRID.NS,4,5,-0.19711682634628588,-0.11992409729742178,0.12914171770735647,-0.15852046182185384,-0.03398755431946471,-0.0047596073892079,-0.1971,-0.1199
apr-B,M&M.NS,7,6,-0.30881279709879383,-0.15941803164905702,-0.2733453969986986,-0.2341154143739254,-0.29107909704874624,0.0003219021902025,-0.3088,-0.1594
apr-B,TATASTEEL.NS,7,4,0.659487020135774,0.18196965775568225,0.31644287285255074,0.42072833894572814,0.48796494649416233,-0.0198808493601839,0.6595,0.182
apr-B,JSWSTEEL.NS,5,5,-0.3459784125069282,-0.12009242079351919,-0.18665772847143638,-0.23303541665022368,-0.26631807048918227,-0.0160646868013396,-0.346,-0.1201
apr-B,ADANIENT.NS,5,4,0.14190687434941815,0.1537581127885257,0.09540486164508513,0.14783249356897193,0.11865586799725164,-0.0043801414712154,0.1419,0.1538
apr-B,ADANIPORTS.NS,6,5,0.1431586470028744,-0.06991385221595753,0.017248229722018015,0.036622397393458433,0.0802034383624462,0.0093077817661892,0.1432,-0.0699
apr-B,COALINDIA.NS,9,5,0.6986990178140113,0.4879842089606761,0.5631816978563999,0.5933416133873437,0.6309403578352056,0.0282202013258019,0.6987,0.488
apr-B,BAJAJFINSV.NS,3,2,-0.5465119231216894,-0.26871995763177564,-0.574307768790368,-0.40761594037673254,-0.5604098459560287,-0.0205972472071574,-0.5465,-0.2687
apr-B,GRASIM.NS,4,4,-0.6143238080584059,-0.15356213162099933,-0.5648807943929142,-0.3839429698397026,-0.58960230122566,0.0014102224373319,-0.6143,-0.1536
apr-B,HINDALCO.NS,6,4,0.2420590419283117,-0.09768391527582106,0.3303431009194272,0.07218756332624532,0.28620107142386947,-0.0365114971722694,0.2421,-0.0977
apr-B,DRREDDY.NS,8,5,-0.064670985576488,0.1426508635983182,0.010744852485013376,0.038989939010915096,-0.02696306654573731,-0.0261237155549631,-0.0647,0.1427
apr-B,CIPLA.NS,11,8,0.24069825496693276,0.24219236807869063,-0.031180579155422133,0.24144531152281168,0.10475883790575531,-0.0003492732001746,0.2407,0.2422
apr-B,BRITANNIA.NS,4,4,-0.1735453231523686,-0.14872613933720133,-0.28015649584891883,-0.16113573124478497,-0.2268509095006437,0.0085814173834859,-0.1735,-0.1487
apr-B,EICHERMOT.NS,4,3,0.06193113809040035,-0.15031621011977675,0.07609681260603723,-0.0441925360146882,0.06901397534821879,0.0025809677699819,0.0619,-0.1503
apr-B,HEROMOTOCO.NS,4,4,-0.7612607353997077,-0.6983807590059167,-0.7916614429952291,-0.7298207472028122,-0.7764610891974684,0.0033948023978033,-0.7613,-0.6984
apr-B,BAJAJ-AUTO.NS,4,3,0.5024235485555592,-0.1224835678906155,0.20863158508062554,0.18996999033247183,0.35552756681809233,0.049776564576734,0.5024,-0.1225
apr-B,DIVISLAB.NS,5,4,-0.6626663786196033,-0.47154238195637466,-0.5972317480648152,-0.5671043802879889,-0.6299490633422092,0.0081602296643203,-0.6627,-0.4715
apr-B,TECHM.NS,7,5,0.2958152145217078,0.17212010410526227,0.03866652680343777,0.233967659313485,0.16724087066257276,0.0437235741216339,0.2958,0.1721
apr-B,INDUSINDBK.NS,7,7,0.7058279164305488,0.12819084892956045,0.5966132625829926,0.4170093826800546,0.6512205895067706,0.0317198637899058,0.7058,0.1282
apr-B,APOLLOHOSP.NS,4,4,0.07042777797348865,0.22413486013088202,0.15188453221274095,0.14728131905218533,0.1111561550931148,-0.017748450345158,0.0704,0.2241
apr-B,TATACONSUM.NS,7,7,-0.004200962368747451,-0.004823746123564347,0.3404891379087187,-0.004512354246155899,0.16814408776998563,-0.0054230508670271,-0.0042,-0.0048
apr-B,SBILIFE.NS,11,9,-0.3715026358730063,0.5180882203253464,-0.5537578189552698,0.07329279222617005,-0.46263022741413806,0.0031951236336853,-0.3715,0.5181
apr-B,HDFCLIFE.NS,7,10,-0.6404782784511628,0.032459360784989226,-0.20893754529685316,-0.3040094588330868,-0.42470791187400797,-0.0082290943619611,-0.6405,0.0325
apr-B,SHRIRAMFIN.NS,9,7,-0.14599412039701173,0.1480727444126851,-0.04746179051860504,0.0010393120078366763,-0.09672795545780838,-0.0194018142800448,-0.146,0.1481
apr-B,BPCL.NS,5,4,-0.2772206362336012,-0.12939925206231856,-0.3108184267481623,-0.2033099441479599,-0.2940195314908818,-0.0264425216986381,-0.2772,-0.1294
may-A,RELIANCE.NS,7,6,-0.11051430069231888,0.0069382590470278005,-0.14951980327563494,-0.05178802082264554,-0.1300170519839769,-0.0330425241548251,-0.1105,0.0069
may-A,TCS.NS,6,5,-0.8405642802380225,-0.1470838437816532,-0.7443519355148389,-0.49382406200983786,-0.7924581078764308,-0.028588553300768,-0.8406,-0.1471
may-A,HDFCBANK.NS,5,4,-0.6909001707455155,-0.2752051022645422,-0.625408145255913,-0.48305263650502883,-0.6581541580007142,0.0099117155434487,-0.6909,-0.2752
may-A,INFY.NS,5,4,-0.6909001707455155,-0.2752051022645422,-0.625408145255913,-0.48305263650502883,-0.6581541580007142,-0.0314872986293312,-0.6909,-0.2752
may-A,ICICIBANK.NS,7,6,-0.8367523013898305,-0.3970232454508805,-0.7812414793919495,-0.6168877734203555,-0.80899689039089,-0.0094217373529778,-0.8368,-0.397
may-A,HINDUNILVR.NS,9,8,0.16016385778501463,-0.10497684212052409,0.17911111372110106,0.02759350783224527,0.16963748575305784,-0.0082987482291334,0.1602,-0.105
may-A,ITC.NS,5,4,-0.6909001707455155,-0.2752051022645422,-0.625408145255913,-0.48305263650502883,-0.6581541580007142,0.0162907963221206,-0.6909,-0.2752
may-A,SBIN.NS,14,9,-0.49765404840676636,-0.0919135910923096,-0.47211353397723166,-0.294783819749538,-0.484883791191999,-0.0066908405340215,-0.4977,-0.0919
may-A,BHARTIARTL.NS,5,4,-0.6909001707455155,-0.2752051022645422,-0.625408145255913,-0.48305263650502883,-0.6581541580007142,0.0717776185873391,-0.6909,-0.2752
may-A,KOTAKBANK.NS,9,7,-0.04667212485808149,0.4100192604128625,0.19829151294862435,0.18167356777739052,0.07580969404527144,0.0165802900416541,-0.0467,0.41
may-A,LT.NS,13,11,-0.4965127763960833,0.2733970381387773,-0.40037622372880394,-0.11155786912865301,-0.44844450006244363,0.0008054082478395,-0.4965,0.2734
may-A,AXISBANK.NS,7,6,-0.7337037344383971,-0.2729418918500774,-0.7037893885744692,-0.5033228131442372,-0.7187465615064331,-0.0249498109768307,-0.7337,-0.2729
may-A,BAJFINANCE.NS,8,7,0.1776046215187273,-0.054026676648974946,0.13235860764526527,0.061788972434876174,0.15498161458199627,-0.0058957878893728,0.1776,-0.054
may-A,ASIANPAINT.NS,7,6,-0.1930932819595994,-0.13806476022346875,-0.45929884753042427,-0.16557902109153408,-0.32619606474501184,0.0271442334253224,-0.1931,-0.1381
may-A,MARUTI.NS,10,6,0.014253796457781368,-0.29343991179934337,-0.33473364667985844,-0.139593057670781,-0.16023992511103854,-0.0090879632181992,0.0143,-0.2934
may-A,HCLTECH.NS,8,5,-0.9221364232692182,-0.16405631814499486,-0.7589667067454866,-0.5430963707071065,-0.8405515650073524,-0.0243283739335736,-0.9221,-0.1641
may-A,SUNPHARMA.NS,8,6,0.3631514201414452,-0.14652787155181887,0.06172449729953455,0.10831177429481316,0.21243795872048987,0.0048005205224475,0.3632,-0.1465
may-A,TITAN.NS,14,11,0.7065149420949413,0.14431967612893246,0.5153199578745336,0.42541730911193687,0.6109174499847374,0.0152540786031865,0.7065,0.1443
may-A,WIPRO.NS,5,4,-0.6909001707455155,-0.2752051022645422,-0.625408145255913,-0.48305263650502883,-0.6581541580007142,-0.0105397226924548,-0.6909,-0.2752
may-A,ULTRACEMCO.NS,9,6,-0.010781799325958194,0.18359584723140632,-0.14622471889006308,0.08640702395272407,-0.07850325910801063,-0.0153262108636147,-0.0108,0.1836
may-A,NESTLEIND.NS,10,7,0.502929843553125,-0.10409521130173494,0.3041333659281452,0.19941731612569502,0.4035316047406351,-0.0387510342098685,0.5029,-0.1041
may-A,ONGC.NS,9,6,0.6274551088794781,-0.1312558401969292,0.11111866782610104,0.24809963434127444,0.36928688835278956,0.0036606361917513,0.6275,-0.1313
may-A,NTPC.NS,6,4,-0.8713574686595179,-0.2752051022645422,-0.625408145255913,-0.57328128546203,-0.7483828069577154,-0.0063145001583972,-0.8714,-0.2752
may-A,POWERGRID.NS,5,4,-0.6909001707455155,-0.2752051022645422,-0.625408145255913,-0.48305263650502883,-0.6581541580007142,-0.014277063538166,-0.6909,-0.2752
may-A,M&M.NS,7,5,0.14168758553427313,-0.18637358710866408,-0.12441409720106096,-0.022343000787195477,0.008636744166606085,-0.0294641159016229,0.1417,-0.1864
may-A,TATASTEEL.NS,5,4,-0.6909001707455155,-0.2752051022645422,-0.625408145255913,-0.48305263650502883,-0.6581541580007142,0.0100222144783353,-0.6909,-0.2752
may-A,JSWSTEEL.NS,6,4,0.11793954187493311,-0.2752051022645422,-0.625408145255913,-0.07863278019480455,-0.25373430169048994,0.0083530874526334,0.1179,-0.2752
may-A,ADANIENT.NS,7,5,-0.45713409118143367,-0.2172395633809437,-0.336152800649424,-0.33718682728118865,-0.3966434459154288,0.1164120663599821,-0.4571,-0.2172
may-A,ADANIPORTS.NS,11,8,0.431432533188893,-0.10418063158885411,0.32162900281325413,0.16362595080001946,0.37653076800107355,0.0505139369573004,0.4314,-0.1042
may-A,COALINDIA.NS,6,4,-0.3377672001449704,-0.2752051022645422,-0.625408145255913,-0.3064861512047563,-0.4815876727004417,-0.0146435775859848,-0.3378,-0.2752
may-A,BAJAJFINSV.NS,8,5,0.22564533667864947,-0.14652114883736267,-0.5637612988315306,0.0395620939206434,-0.16905798107644054,-0.0223793146446578,0.2256,-0.1465
may-A,GRASIM.NS,5,4,-0.6909001707455155,-0.2752051022645422,-0.625408145255913,-0.48305263650502883,-0.6581541580007142,-0.0021982444564194,-0.6909,-0.2752
may-A,HINDALCO.NS,5,4,-0.6909001707455155,-0.2752051022645422,-0.625408145255913,-0.48305263650502883,-0.6581541580007142,0.0122544165822609,-0.6909,-0.2752
may-A,DRREDDY.NS,7,6,-0.9191392679757366,0.16408341874508953,-0.8211909114185779,-0.3775279246153236,-0.8701650896971573,0.0397116712268497,-0.9191,0.1641
may-A,CIPLA.NS,6,5,-0.8653940174587297,-0.15510716276557268,-0.7532244828214264,-0.5102505901121512,-0.809309250140078,0.0953712066756194,-0.8654,-0.1551
may-A,BRITANNIA.NS,15,10,0.11417130239484889,-0.006138205785455878,0.014420681438698036,0.05401654830469651,0.06429599191677346,0.0006903373457334,0.1142,-0.0061
may-A,EICHERMOT.NS,6,5,-0.19727558579781307,-0.19811416990614586,-0.20124552348065444,-0.19769487785197948,-0.19926055463923376,-0.0284549021123009,-0.1973,-0.1981
may-A,HEROMOTOCO.NS,14,11,0.06876200439266682,0.13981424968215414,0.11963930082113257,0.10428812703741047,0.09420065260689969,-0.0163495395560286,0.0688,0.1398
may-A,BAJAJ-AUTO.NS,13,10,0.5726588140077106,0.19107036908288758,0.3575448006487698,0.38186459154529906,0.4651018073282402,-0.0146835273342834,0.5727,0.1911
may-A,DIVISLAB.NS,6,5,0.03456500774860293,-0.1821535893527298,-0.10477289419772391,-0.07379429080206343,-0.035103943224560494,0.004726642335003,0.0346,-0.1822
may-A,TECHM.NS,7,6,-0.7576237178315375,-0.2595361870897831,-0.5703264507018627,-0.5085799524606602,-0.6639750842667,-0.0288895490757426,-0.7576,-0.2595
may-A,INDUSINDBK.NS,5,4,-0.6909001707455155,-0.2752051022645422,-0.625408145255913,-0.48305263650502883,-0.6581541580007142,-0.0200319786672354,-0.6909,-0.2752
may-A,APOLLOHOSP.NS,6,5,-0.6926107187723692,-0.21039001246473232,-0.6418216629791827,-0.4515003656185508,-0.667216190875776,-0.0053290099553928,-0.6926,-0.2104
may-A,TATACONSUM.NS,10,8,0.6027082132526008,-0.07592879495931808,0.20162436536757736,0.2633897091466414,0.4021662893100891,-0.0279715823155097,0.6027,-0.0759
may-A,SBILIFE.NS,8,6,0.40724960705204527,0.08139561983686727,0.07674335147286311,0.24432261344445627,0.24199647926245418,0.0038777627767987,0.4072,0.0814
may-A,HDFCLIFE.NS,6,5,0.03393232155794484,-0.1821535893527298,-0.1052462579435432,-0.07411063389739247,-0.03565696819279918,-0.0013423830328995,0.0339,-0.1822
may-A,SHRIRAMFIN.NS,6,5,0.011743113014150318,-0.1821535893527298,-0.12184780074334997,-0.08520523816928974,-0.055052343864599826,-0.0048010839585563,0.0117,-0.1822
may-A,BPCL.NS,5,4,-0.6909001707455155,-0.2752051022645422,-0.625408145255913,-0.48305263650502883,-0.6581541580007142,-0.0246196613974569,-0.6909,-0.2752
may-B,RELIANCE.NS,12,8,-0.20578342244721803,-0.34441112446037747,-0.427497332446254,-0.27509727345379775,-0.316640377446736,-0.0063034942890492,-0.2058,-0.3444
may-B,TCS.NS,10,7,-0.07179767494038364,-0.4532860103869058,0.016986367000493593,-0.2625418426636447,-0.027405653969945022,0.0043160715744232,-0.0718,-0.4533
may-B,HDFCBANK.NS,13,10,-0.6038324335620486,-0.3980399106329335,-0.3184787159950555,-0.5009361720974911,-0.46115557477855207,-0.0031934872908833,-0.6038,-0.398
may-B,INFY.NS,10,7,0.5452076649063529,-0.013032386068645898,0.10195147564724794,0.2660876394188535,0.3235795702768004,0.0162542722141328,0.5452,-0.013
may-B,ICICIBANK.NS,9,7,0.7536805883229483,-0.36434913549060455,0.300035650910711,0.19466572641617186,0.5268581196168296,0.0025848208513996,0.7537,-0.3643
may-B,HINDUNILVR.NS,8,5,-0.6996260393940326,-0.561060120084197,-0.30568593809705924,-0.6303430797391147,-0.502655988745546,-0.0050316992888065,-0.6996,-0.5611
may-B,ITC.NS,12,11,0.30377491090777,-0.06401475209559322,0.2047687162756998,0.11988007940608839,0.2542718135917349,-0.0019053633445728,0.3038,-0.064
may-B,SBIN.NS,7,5,-0.037115181787554165,-0.561060120084197,-0.30568593809705924,-0.2990876509358756,-0.1714005599423067,0.0118790963451319,-0.0371,-0.5611
may-B,BHARTIARTL.NS,7,5,-0.037115181787554165,-0.561060120084197,-0.30568593809705924,-0.2990876509358756,-0.1714005599423067,0.0028665619492188,-0.0371,-0.5611
may-B,KOTAKBANK.NS,11,8,-0.12473452049540677,0.019782086631266342,0.022574347502787192,-0.05247621693207022,-0.05108008649630979,0.0038151297486407,-0.1247,0.0198
may-B,LT.NS,7,5,-0.037115181787554165,-0.561060120084197,-0.30568593809705924,-0.2990876509358756,-0.1714005599423067,0.0225570977110916,-0.0371,-0.5611
may-B,AXISBANK.NS,10,5,0.6341676007469396,-0.561060120084197,-0.30568593809705924,0.036553740331371265,0.16424083132494016,0.0019729645269088,0.6342,-0.5611
may-B,BAJFINANCE.NS,9,7,-0.4979722481782327,-0.5167816751224765,-0.47565237129133364,-0.5073769616503546,-0.4868123097347832,-0.0092010893907494,-0.498,-0.5168
may-B,ASIANPAINT.NS,8,6,0.4383107084578003,-0.407440665062476,0.026705995563306,0.015435021697662143,0.23250835201055314,0.0152799227002962,0.4383,-0.4074
may-B,MARUTI.NS,8,7,0.40734926187948445,-0.3793109794181665,0.06277471661270265,0.014019141230658977,0.23506198924609356,-0.0023420302180807,0.4073,-0.3793
may-B,HCLTECH.NS,8,6,0.2542156520422209,-0.4424880399293624,-0.04823965823339564,-0.09413619394357076,0.10298799690441263,0.0313551903953253,0.2542,-0.4425
may-B,SUNPHARMA.NS,12,10,-0.16996097076431688,-0.13013207803262863,-0.20336568948771772,-0.15004652439847277,-0.1866633301260173,-0.0090615934864474,-0.17,-0.1301
may-B,TITAN.NS,7,5,-0.037115181787554165,-0.561060120084197,-0.30568593809705924,-0.2990876509358756,-0.1714005599423067,0.0001670665482213,-0.0371,-0.5611
may-B,WIPRO.NS,11,9,0.6820855093322193,-0.23246557900219966,0.3361815831618619,0.22480996516500984,0.5091335462470407,0.0286375335350893,0.6821,-0.2325
may-B,ULTRACEMCO.NS,7,6,-0.037115181787554165,-0.4607703892652681,-0.09040144859220732,-0.24894278552641114,-0.06375831518988075,-0.0023167760432936,-0.0371,-0.4608
may-B,NESTLEIND.NS,9,5,0.6203676667462557,-0.561060120084197,-0.30568593809705924,0.02965377333102931,0.1573408643245982,0.0111890287316239,0.6204,-0.5611
may-B,ONGC.NS,10,8,-0.14737881736082523,-0.4272874113103371,-0.27701390421860167,-0.2873331143355812,-0.21219636078971343,-0.0161713813262221,-0.1474,-0.4273
may-B,NTPC.NS,13,9,-0.4301858519633988,0.05293253363651128,-0.05327146804518593,-0.18862665916344376,-0.24172866000429238,-0.0128635018689629,-0.4302,0.0529
may-B,POWERGRID.NS,12,11,-0.7937269852814941,-0.16675993552889057,-0.4300039484960689,-0.48024346040519234,-0.6118654668887815,-0.016591847885381,-0.7937,-0.1668
may-B,M&M.NS,8,6,-0.41710530507230065,-0.6643710581904031,-0.45921761921928833,-0.5407381816313519,-0.4381614621457945,-0.0089543071224567,-0.4171,-0.6644
may-B,TATASTEEL.NS,10,11,0.47918949326147514,0.07877600367699926,0.05671026932956355,0.2789827484692372,0.26794988129551933,-0.0157210251757349,0.4792,0.0788
may-B,JSWSTEEL.NS,8,6,0.7234363782219922,-0.3570269296802799,0.13691534126035024,0.18320472427085618,0.43017585974117123,-0.0085137592240011,0.7234,-0.357
may-B,ADANIENT.NS,11,10,0.7186941104296707,-0.24959372272087163,0.2442215362199161,0.2345501938543995,0.48145782332479337,0.003384418601541,0.7187,-0.2496
may-B,ADANIPORTS.NS,7,5,-0.037115181787554165,-0.561060120084197,-0.30568593809705924,-0.2990876509358756,-0.1714005599423067,0.0044850591659418,-0.0371,-0.5611
may-B,COALINDIA.NS,12,9,-0.7223122570811368,-0.1873716978776566,-0.5678957388862688,-0.4548419774793967,-0.6451039979837028,0.004270284902722,-0.7223,-0.1874
may-B,BAJAJFINSV.NS,8,6,-0.45437956854316847,-0.669946628999037,-0.45951578682842575,-0.5621630987711027,-0.45694767768579714,0.0012967743499316,-0.4544,-0.6699
may-B,GRASIM.NS,19,14,0.48268062228766906,-0.06079647859585877,0.4932610332871403,0.21094207184590513,0.4879708277874047,0.0003763774188466,0.4827,-0.0608
may-B,HINDALCO.NS,16,13,0.6147972917896152,0.2542492631552078,0.3998437831094052,0.4345232774724115,0.5073205374495102,-0.004613038506449,0.6148,0.2542
may-B,DRREDDY.NS,7,5,-0.037115181787554165,-0.561060120084197,-0.30568593809705924,-0.2990876509358756,-0.1714005599423067,0.0036408543331981,-0.0371,-0.5611
may-B,CIPLA.NS,7,5,-0.037115181787554165,-0.561060120084197,-0.30568593809705924,-0.2990876509358756,-0.1714005599423067,0.0032642006324478,-0.0371,-0.5611
may-B,BRITANNIA.NS,8,6,-0.737664178220089,-0.3659386300623777,-0.5317779733384925,-0.5518014041412334,-0.6347210757792907,-0.0091603444406036,-0.7377,-0.3659
may-B,EICHERMOT.NS,15,13,0.8322615725607975,0.2510310705389243,0.6198542566638675,0.5416463215498609,0.7260579146123325,-0.017226770245254,0.8323,0.251
may-B,HEROMOTOCO.NS,8,5,0.6441214020187197,-0.561060120084197,-0.30568593809705924,0.041530640967261334,0.16921773196083023,-0.0184994445198664,0.6441,-0.5611
may-B,BAJAJ-AUTO.NS,7,5,-0.037115181787554165,-0.561060120084197,-0.30568593809705924,-0.2990876509358756,-0.1714005599423067,-0.0032314526236694,-0.0371,-0.5611
may-B,DIVISLAB.NS,13,11,0.5021706091359055,0.0997251326934468,0.3109135386798397,0.3009478709146761,0.40654207390787256,-0.0038060535491929,0.5022,0.0997
may-B,TECHM.NS,10,7,0.5183167569614282,-0.30141245760546176,0.25382934748612757,0.10845214967798322,0.38607305222377786,0.0348343694050395,0.5183,-0.3014
may-B,INDUSINDBK.NS,12,10,0.512947039215688,-0.2021289418058217,0.2551865380550674,0.15540904870493313,0.3840667886353777,-0.0038612914366127,0.5129,-0.2021
may-B,APOLLOHOSP.NS,10,7,0.6503195266128314,-0.3198618184005871,0.21867540258658408,0.16522885410612217,0.43449746459970773,0.0037874666806659,0.6503,-0.3199
may-B,TATACONSUM.NS,7,5,-0.037115181787554165,-0.561060120084197,-0.30568593809705924,-0.2990876509358756,-0.1714005599423067,-0.0063577373026409,-0.0371,-0.5611
may-B,SBILIFE.NS,9,6,0.4237368478176203,-0.4921721776774925,-0.32214041890505696,-0.03421766492993611,0.05079821445628166,-0.003057818589843,0.4237,-0.4922
may-B,HDFCLIFE.NS,7,5,-0.037115181787554165,-0.561060120084197,-0.30568593809705924,-0.2990876509358756,-0.1714005599423067,-0.00888603234704,-0.0371,-0.5611
may-B,SHRIRAMFIN.NS,9,8,-0.700135032111976,-0.6621762539849039,-0.5863534193477562,-0.68115564304844,-0.6432442257298661,-0.0012710119995769,-0.7001,-0.6622
may-B,BPCL.NS,16,14,0.5966036385140475,-0.023652571922628172,0.3594519911911469,0.2864755332957097,0.4780278148525972,-0.0140722108064474,0.5966,-0.0237
jun-A,RELIANCE.NS,13,9,0.024758460304532413,0.2799571697888335,-0.03333251701347719,0.15235781504668297,-0.004287028354472389,0.0009756878743789,0.0248,0.28
jun-A,TCS.NS,16,10,-0.5418913730480976,-0.3568938662156745,-0.48405035818802045,-0.44939261963188604,-0.512970865618059,-0.0095742019471871,-0.5419,-0.3569
jun-A,HDFCBANK.NS,10,6,0.3314146853006451,0.056563100880674747,0.2096589972062759,0.19398889309065992,0.2705368412534605,-0.0035084236068361,0.3314,0.0566
jun-A,INFY.NS,9,6,-0.764557037473933,0.22850404890263806,-0.49583853533415395,-0.26802649428564745,-0.6301977864040434,0.0067192761045378,-0.7646,0.2285
jun-A,ICICIBANK.NS,11,7,0.4627604898028663,0.1974114042671719,-0.15680057907095335,0.33008594703501914,0.1529799553659565,-0.019696767997213,0.4628,0.1974
jun-A,HINDUNILVR.NS,8,6,0.6093050827821069,0.2654165827062191,0.10374144475905836,0.43736083274416304,0.35652326377058263,-0.015707570693826,0.6093,0.2654
jun-A,ITC.NS,10,7,-0.5368038801468187,0.23710756397483584,-0.5854548606239031,-0.14984815808599142,-0.5611293703853608,-3.077262372917951e-05,-0.5368,0.2371
jun-A,SBIN.NS,7,4,-0.09342412795477585,0.4805102545936758,-0.24948112061758473,0.19354306331944998,-0.1714526242861803,-0.0062142781826799,-0.0934,0.4805
jun-A,BHARTIARTL.NS,12,6,0.607131907171778,-0.019387084299038636,0.26164973944114644,0.29387241143636966,0.4343908233064622,0.0004087592146164,0.6071,-0.0194
jun-A,KOTAKBANK.NS,7,5,-0.09342412795477585,0.2568666316187145,-0.33159936014037583,0.08172125183196932,-0.21251174404757583,-0.0037769323215031,-0.0934,0.2569
jun-A,LT.NS,12,6,0.6202137901872884,0.07956662036575976,0.03175136663869092,0.3498902052765241,0.32598257841298967,0.0199063241716892,0.6202,0.0796
jun-A,AXISBANK.NS,8,6,0.6663178910009739,0.13849362660506379,0.10256672317802783,0.4024057588030189,0.3844423070895009,-0.0010042452249634,0.6663,0.1385
jun-A,BAJFINANCE.NS,10,6,-0.4069929779439698,0.03447207598647174,-0.5702426212625917,-0.18626045097874905,-0.4886177996032808,0.016283405270828,-0.407,0.0345
jun-A,ASIANPAINT.NS,15,11,0.0839691699938708,0.30934482525890356,-0.014539782307070355,0.19665699762638716,0.03471469384340022,-0.0128000666504173,0.084,0.3093
jun-A,MARUTI.NS,8,6,0.28523921295184373,0.3147165623007585,0.11717334465572876,0.2999778876263011,0.20120627880378625,0.0229926859043794,0.2852,0.3147
jun-A,HCLTECH.NS,11,8,-0.18858349164593038,0.20041167443301602,-0.16919734027446148,0.00591409139354282,-0.17889041596019595,-0.0011098898258345,-0.1886,0.2004
jun-A,SUNPHARMA.NS,9,6,-0.5575270300671925,-0.1929799962980974,-0.5615766973085496,-0.37525351318264494,-0.5595518636878711,-0.0107922395392512,-0.5575,-0.193
jun-A,TITAN.NS,11,8,-0.013427005844698288,0.20368128619124642,0.044343174731687626,0.09512714017327407,0.015458084443494668,0.0139292257507806,-0.0134,0.2037
jun-A,WIPRO.NS,15,11,-0.4490962388207586,0.12732608101568177,-0.31079014931608917,-0.16088507890253842,-0.3799431940684239,-0.0029682794494223,-0.4491,0.1273
jun-A,ULTRACEMCO.NS,8,5,0.4257203119996932,0.07323971153943605,0.03319407175456525,0.2494800117695646,0.2294571918771292,0.021541516523478,0.4257,0.0732
jun-A,NESTLEIND.NS,7,4,-0.09342412795477585,0.4805102545936758,-0.24948112061758473,0.19354306331944998,-0.1714526242861803,-0.0105787476884501,-0.0934,0.4805
jun-A,ONGC.NS,14,8,-0.39747730769239487,-0.0811319265253528,-0.44514531432898957,-0.23930461710887382,-0.4213113110106922,-0.0202092905000602,-0.3975,-0.0811
jun-A,NTPC.NS,10,5,0.618446026339098,0.34536374904553113,0.0753645219744539,0.48190488769231454,0.3469052741567759,-0.0262406211830999,0.6184,0.3454
jun-A,POWERGRID.NS,10,5,0.2094269395021942,0.657406653809362,0.150690991540098,0.43341679665577815,0.18005896552114609,-0.0066916467763808,0.2094,0.6574
jun-A,M&M.NS,10,6,0.08379313586183335,0.514409076241654,0.15298125639240046,0.29910110605174367,0.1183871961271169,0.0201853397359954,0.0838,0.5144
jun-A,TATASTEEL.NS,7,4,-0.09342412795477585,0.4805102545936758,-0.24948112061758473,0.19354306331944998,-0.1714526242861803,-0.0127832198522178,-0.0934,0.4805
jun-A,JSWSTEEL.NS,10,7,-0.06839105924120176,-0.06268575602439379,-0.07024751152849738,-0.06553840763279778,-0.06931928538484958,-0.0106995450616814,-0.0684,-0.0627
jun-A,ADANIENT.NS,8,5,0.2521901699446589,0.34536374904553113,0.03525738272627714,0.29877695949509503,0.14372377633546804,-0.0026982642018045,0.2522,0.3454
jun-A,ADANIPORTS.NS,9,7,-0.07788088117593098,-0.08809234431590468,-0.2069346961637624,-0.08298661274591783,-0.14240778866984669,-0.0143198109482827,-0.0779,-0.0881
jun-A,COALINDIA.NS,8,5,0.12309239596437357,0.5993330135200247,0.020141188890219902,0.36121270474219913,0.07161679242729674,-0.0086117372317406,0.1231,0.5993
jun-A,BAJAJFINSV.NS,8,5,0.2778592695634015,0.34536374904553113,0.053145279333458334,0.31161150930446635,0.1655022744484299,0.0263212510142414,0.2779,0.3454
jun-A,GRASIM.NS,8,5,0.29802321459973075,0.36118962554349787,-0.008788581940442953,0.32960642007161434,0.1446173163296439,0.0091467059630605,0.298,0.3612
jun-A,HINDALCO.NS,7,4,-0.09342412795477585,0.4805102545936758,-0.24948112061758473,0.19354306331944998,-0.1714526242861803,-0.0173889939337263,-0.0934,0.4805
jun-A,DRREDDY.NS,8,5,-0.3353893633015925,0.35247288742949345,-0.43909998279462,0.008541762063950464,-0.3872446730481063,-0.0066371864505745,-0.3354,0.3525
jun-A,CIPLA.NS,7,4,-0.09342412795477585,0.4805102545936758,-0.24948112061758473,0.19354306331944998,-0.1714526242861803,-0.0156816819343208,-0.0934,0.4805
jun-A,BRITANNIA.NS,10,6,0.4153124658640899,0.2863833365882436,-0.15460896906318666,0.3508479012261667,0.1303517484004516,-0.0032697135458803,0.4153,0.2864
jun-A,EICHERMOT.NS,7,4,-0.09342412795477585,0.4805102545936758,-0.24948112061758473,0.19354306331944998,-0.1714526242861803,0.0328861199941419,-0.0934,0.4805
jun-A,HEROMOTOCO.NS,12,8,0.6933438144733535,0.5507148427488613,0.46138259380765234,0.6220293286111074,0.5773632041405029,0.0025206817320999,0.6933,0.5507
jun-A,BAJAJ-AUTO.NS,10,7,0.10015980750363662,0.17255574113081207,0.03792133912542048,0.13635777431722435,0.06904057331452855,-0.0217767182931384,0.1002,0.1726
jun-A,DIVISLAB.NS,8,4,0.4376193007086046,0.4805102545936758,-0.24948112061758473,0.4590647776511402,0.09406909004550994,-0.014295954666505,0.4376,0.4805
jun-A,TECHM.NS,8,5,0.1831339391193617,0.35247288742949345,0.0563580812718739,0.2678034132744276,0.11974601019561781,-0.0123707196863035,0.1831,0.3525
jun-A,INDUSINDBK.NS,14,8,-0.7433619533832209,-0.18369968016751975,-0.49949898542883614,-0.46353081677537034,-0.6214304694060285,0.0074262244910168,-0.7434,-0.1837
jun-A,APOLLOHOSP.NS,14,11,-0.2528354515050245,0.02968427386994616,-0.1642424739317877,-0.11157558881753918,-0.2085389627184061,-0.0133232500313963,-0.2528,0.0297
jun-A,TATACONSUM.NS,8,5,0.6869007297090637,0.2937651197867785,0.2033539715870143,0.4903329247479211,0.445127350648039,-0.010124332294924,0.6869,0.2938
jun-A,SBILIFE.NS,7,4,-0.09342412795477585,0.4805102545936758,-0.24948112061758473,0.19354306331944998,-0.1714526242861803,0.0215080612184472,-0.0934,0.4805
jun-A,HDFCLIFE.NS,9,6,0.0906978302552513,0.2798024419430536,-0.22551879912831188,0.18525013609915245,-0.06741048443653029,0.0366953494144164,0.0907,0.2798
jun-A,SHRIRAMFIN.NS,7,5,-0.09342412795477585,0.4302571010865739,-0.17026155210844665,0.16841648656589903,-0.13184284003161126,0.0380040758625648,-0.0934,0.4303
jun-A,BPCL.NS,13,9,-0.23932822692394548,0.08697483554353824,-0.35440680812619213,-0.07617669569020362,-0.2968675175250688,0.0174344121026779,-0.2393,0.087
