date,ticker,agg_sent,agg_news,n_sent,n_news,sent_lo,sent_hi,news_lo,news_hi,low_n,combined,agg_earnings,actual_ret,momentum,window,ret_resid,sig_resid
2026-01-12,RELIANCE.NS,-0.7277,-0.3199,13,10,-0.8793,-0.4545,-0.6819,0.057,False,-0.5238,0.2414,-0.0164508459827951,-0.0601356185670878,jan-A,-0.013620127053175,-0.3706375
2026-01-12,TCS.NS,-0.1101,-0.0956,8,8,-0.8578,0.5961,-0.4704,0.2636,False,-0.10285,0.3758,-0.0145388812784926,0.007307086920131,jan-A,-0.0117081623488725,0.0503125
2026-01-12,HDFCBANK.NS,-0.6876,-0.0829,10,9,-0.9206,-0.2015,-0.4242,0.2177,False,-0.38525,0.1038,-0.0122738403373025,-0.041483396948927,jan-A,-0.0094431214076824,-0.2320874999999999
2026-01-12,INFY.NS,-0.4999,-0.2832,8,7,-0.8709,0.1914,-0.6993,0.2299,False,-0.39155,,0.0024437550305937,-0.0065363475547581,jan-A,0.0052744739602138,-0.2383875
2026-01-12,ICICIBANK.NS,0.1103,-0.1132,7,7,-0.7021,0.8063,-0.5142,0.3151,False,-0.00145,0.1498,0.0037506538247071,0.0303317357535088,jan-A,0.0065813727543272,0.1517125
2026-01-12,HINDUNILVR.NS,-0.5915,-0.1132,8,7,-0.8877,0.0446,-0.5079,0.3424,False,-0.35235,,-0.0219017858350836,0.0092697321367059,jan-A,-0.0190710669054635,-0.1991875
2026-01-12,ITC.NS,-0.5498,-0.2064,9,8,-0.8578,0.0894,-0.62,0.2057,False,-0.3781,,-0.0107860333253728,-0.0323134070724698,jan-A,-0.0079553143957527,-0.2249374999999999
2026-01-12,SBIN.NS,0.6097,-0.1658,10,9,0.0033,0.8512,-0.5116,0.1597,False,0.22195,,0.0130029699966256,0.0095470452215742,jan-A,0.0158336889262457,0.3751125
2026-01-12,BHARTIARTL.NS,-0.2619,-0.1408,6,6,-0.8123,0.6313,-0.6044,0.3901,False,-0.20135,,-0.010518590998043,-0.028978622327791,jan-A,-0.0076878720684229,-0.0481875
2026-01-12,KOTAKBANK.NS,0.0143,-0.1174,7,7,-0.7143,0.8055,-0.5464,0.3056,False,-0.05155,0.3762,-0.0132658407479688,-0.0262905408878304,jan-A,-0.0104351218183487,0.1016125
2026-01-12,LT.NS,-0.6346,-0.1276,7,7,-0.9113,0.3849,-0.5419,0.3335,False,-0.3811,0.1448,-0.0381189100554629,-0.0316595228752789,jan-A,-0.0352881911258428,-0.2279375
2026-01-12,AXISBANK.NS,-0.0395,-0.1408,7,6,-0.7141,0.7654,-0.6336,0.3483,False,-0.09015,0.116,0.0193063087419094,-0.0090216963880366,jan-A,0.0221370276715295,0.0630125
2026-01-12,BAJFINANCE.NS,-0.5005,0.0616,8,8,-0.8851,0.191,-0.4439,0.5596,False,-0.2194499999999999,,-0.0062506692451171,-0.0274329252474456,jan-A,-0.003419950315497,-0.0662874999999999
2026-01-12,ASIANPAINT.NS,-0.351,-0.1408,7,6,-0.8145,0.3749,-0.6044,0.3834,False,-0.2459,,-0.0284836004594608,0.0286971593390334,jan-A,-0.0256528815298407,-0.0927375
2026-01-12,MARUTI.NS,0.0598,-0.1147,7,7,-0.7273,0.7989,-0.5198,0.3417,False,-0.02745,,-0.0259317332046797,-0.033401340716992,jan-A,-0.0231010142750596,0.1257125
2026-01-12,HCLTECH.NS,0.3519,0.1839,9,8,-0.3846,0.7628,-0.3778,0.7125,False,0.2679,0.4071,0.0005397525944832,0.0373226341423567,jan-A,0.0033704715241033,0.4210625
2026-01-12,SUNPHARMA.NS,0.1761,-0.1408,7,6,-0.7065,0.8106,-0.6074,0.3896,False,0.01765,,-0.0203340819074718,0.0041065988844877,jan-A,-0.0175033629778517,0.1708125
2026-01-12,TITAN.NS,0.4104,-0.0721,14,11,-0.068,0.7758,-0.3481,0.1917,False,0.16915,,-0.0023868270685228,0.037233166238302,jan-A,0.0004438918610972,0.3223125
2026-01-12,WIPRO.NS,-0.2619,-0.1408,6,6,-0.8218,0.6974,-0.5975,0.4594,False,-0.20135,0.148,-0.0110223561010499,-0.0007595113398205,jan-A,-0.0081916371714298,-0.0481875
2026-01-12,ULTRACEMCO.NS,-0.4834,-0.3698,9,9,-0.8656,0.2134,-0.7372,0.0885,False,-0.4266,0.1402,0.0129773516283682,0.0009100686688177,jan-A,0.0158080705579883,-0.2734375
2026-01-12,NESTLEIND.NS,0.0282,-0.1117,8,7,-0.7684,0.6522,-0.5209,0.3048,False,-0.0417499999999999,,-0.0040384549564284,-0.0016734552467653,jan-A,-0.0012077360268083,0.1114125
2026-01-12,ONGC.NS,-0.474,-0.2244,10,9,-0.8638,0.1663,-0.5924,0.1755,False,-0.3491999999999999,,0.0531160734950166,-0.0099961744161851,jan-A,0.0559467924246367,-0.1960374999999999
2026-01-12,NTPC.NS,-0.0771,0.0368,7,7,-0.6951,0.7087,-0.4994,0.6266,False,-0.02015,,0.0345236614560482,-0.0375071827134976,jan-A,0.0373543803856683,0.1330125
2026-01-12,POWERGRID.NS,0.125,-0.1083,8,7,-0.7644,0.6857,-0.561,0.312,False,0.00835,,-0.0007735036708451,-0.0482238386877887,jan-A,0.0020572152587749,0.1615125
2026-01-12,M&M.NS,-0.2501,-0.1408,8,6,-0.8189,0.502,-0.5975,0.4099,False,-0.19545,,-0.0088267246061922,-0.0285729486934969,jan-A,-0.0059960056765721,-0.0422875
2026-01-12,TATASTEEL.NS,-0.3557,-0.2192,9,9,-0.8304,0.3194,-0.5715,0.1643,False,-0.28745,,0.0327984493844468,-0.0133534181756922,jan-A,0.0356291683140669,-0.1342874999999999
2026-01-12,JSWSTEEL.NS,-0.2619,-0.1408,6,6,-0.8218,0.6413,-0.6512,0.403,False,-0.20135,,-0.0007608881211657,-0.002698434249353,jan-A,0.0020698308084543,-0.0481875
2026-01-12,ADANIENT.NS,-0.3566,-0.2492,9,9,-0.8206,0.4039,-0.5972,0.1744,False,-0.3029,,-0.008427044329263,-0.0473348485142337,jan-A,-0.0055963253996429,-0.1497375
2026-01-12,ADANIPORTS.NS,-0.2619,-0.1408,6,6,-0.8117,0.6499,-0.6295,0.3566,False,-0.20135,,-0.0093522794100475,-0.0331547055104112,jan-A,-0.0065215604804274,-0.0481875
2026-01-12,COALINDIA.NS,-0.0042,-0.099,8,9,-0.5915,0.7744,-0.4446,0.2517,False,-0.0516,,-0.0002312459399635,0.0113463351788039,jan-A,0.0025994729896565,0.1015625
2026-01-12,BAJAJFINSV.NS,-0.2619,-0.1408,6,6,-0.8249,0.6915,-0.6044,0.3468,False,-0.20135,,0.0010005502904459,-0.0197626165764926,jan-A,0.003831269220066,-0.0481875
2026-01-12,GRASIM.NS,-0.5298,-0.1318,7,7,-0.8579,0.3087,-0.5743,0.3816,False,-0.3308,,-0.0038835296018011,-0.0148127181081925,jan-A,-0.001052810672181,-0.1776375
2026-01-12,HINDALCO.NS,0.2061,-0.0936,11,9,-0.4311,0.7109,-0.4615,0.2474,False,0.05625,,0.0382545783164975,-0.0123966809505656,jan-A,0.0410852972461176,0.2094125
2026-01-12,DRREDDY.NS,-0.2619,-0.1408,6,6,-0.825,0.6499,-0.6074,0.3566,False,-0.20135,0.0359,-0.0238584944467297,-0.0275999999999999,jan-A,-0.0210277755171096,-0.0481875
2026-01-12,CIPLA.NS,-0.45,-0.1408,7,6,-0.8641,0.4294,-0.6075,0.4099,False,-0.2954,0.1865,-0.020952777558898,-0.0359258586048903,jan-A,-0.0181220586292779,-0.1422375
2026-01-12,BRITANNIA.NS,-0.4931,-0.033,11,9,-0.8499,0.0581,-0.3917,0.3505,False,-0.26305,,-0.0062252881298897,-0.0137725047705965,jan-A,-0.0033945692002696,-0.1098875
2026-01-12,EICHERMOT.NS,0.1644,-0.0479,9,8,-0.4198,0.726,-0.4523,0.3959,False,0.0582499999999999,,-0.0104895104895105,-0.0062145005011693,jan-A,-0.0076587915598904,0.2114125
2026-01-12,HEROMOTOCO.NS,-0.0766,-0.0633,7,9,-0.7145,0.7592,-0.4074,0.3427,False,-0.06995,,-0.0087313164718429,-0.0432712571752686,jan-A,-0.0059005975422228,0.0832125
2026-01-12,BAJAJ-AUTO.NS,-0.031,-0.1228,7,7,-0.7071,0.7112,-0.5351,0.3163,False,-0.0769,,0.0093245896480422,-0.0006843251686309,jan-A,0.0121553085776623,0.0762625
2026-01-12,DIVISLAB.NS,0.4495,-0.1188,11,10,-0.1311,0.7902,-0.4183,0.1609,False,0.16535,,-0.0200447151337599,0.0191718393965585,jan-A,-0.0172139962041398,0.3185125
2026-01-12,TECHM.NS,-0.2619,-0.1408,6,6,-0.8217,0.658,-0.6276,0.4172,False,-0.20135,0.3169,0.0015131608669094,-0.0067631339864796,jan-A,0.0043438797965295,-0.0481875
2026-01-12,INDUSINDBK.NS,-0.1362,-0.0916,10,9,-0.6182,0.4827,-0.4366,0.2402,False,-0.1139,0.2523,0.0431277124816471,0.00611145055325,jan-A,0.0459584314112672,0.0392625
2026-01-12,APOLLOHOSP.NS,-0.1369,-0.264,9,8,-0.6999,0.5348,-0.6511,0.1794,False,-0.20045,,0.0005503105309296,0.0261895162000092,jan-A,0.0033810294605497,-0.0472875
2026-01-12,TATACONSUM.NS,0.2677,-0.1117,8,7,-0.5311,0.8601,-0.5283,0.2985,False,0.078,0.1427,-0.0175292255286531,0.0086287855987652,jan-A,-0.014698506599033,0.2311625
2026-01-12,SBILIFE.NS,-0.2619,-0.1408,6,6,-0.8249,0.6413,-0.6296,0.4118,False,-0.20135,,-0.0139179971191446,0.0107920558369893,jan-A,-0.0110872781895245,-0.0481875
2026-01-12,HDFCLIFE.NS,-0.0791,-0.1291,7,7,-0.7241,0.5209,-0.6054,0.3205,False,-0.1041,0.1552,-0.015172632104397,-0.0061239789099698,jan-A,-0.0123419131747769,0.0490625
2026-01-12,SHRIRAMFIN.NS,0.0996,-0.2127,8,9,-0.6157,0.676,-0.5875,0.1728,False,-0.05655,0.1177,0.0085320599271381,-0.0304479877772739,jan-A,0.0113627788567582,0.0966125
2026-01-12,BPCL.NS,-0.4961,-0.3973,9,9,-0.8551,0.2031,-0.7465,0.0788,False,-0.4467,,-0.0051568226702174,-0.0506748108346706,jan-A,-0.0023261037405973,-0.2935375
2026-01-28,RELIANCE.NS,-0.3655,-0.1524,7,7,-0.7951,0.3532,-0.682,0.3348,False,-0.25895,0.1887,-0.0009307138830112,0.0019368191914712,jan-B,-0.0001497482708064,-0.1890104166666666
2026-01-28,TCS.NS,0.1175,-0.4493,8,5,-0.6986,0.7446,-1.0,-0.0791,False,-0.1659,0.2937,-0.0238118454305863,0.0315250077949076,jan-B,-0.0230308798183815,-0.0959604166666666
2026-01-28,HDFCBANK.NS,0.265,-0.7808,5,4,-0.2931,0.5759,-1.0,-0.2632,True,-0.2579,0.0811,-0.00369893041341,0.0016108153833402,jan-B,-0.0029179648012053,-0.1879604166666666
2026-01-28,INFY.NS,-0.4457,-0.121,8,9,-0.8324,0.7049,-0.6207,0.3601,False,-0.28335,,-0.015301502940438,0.0045813124700935,jan-B,-0.0145205373282333,-0.2134104166666666
2026-01-28,ICICIBANK.NS,-0.7215,-0.3243,12,8,-0.877,-0.313,-0.822,0.2326,False,-0.5229,0.1171,-0.0092856266909956,-0.0058875544183542,jan-B,-0.0085046610787908,-0.4529604166666667
2026-01-28,HINDUNILVR.NS,0.44,-0.62,10,6,-0.1485,0.7914,-1.0,-0.2041,False,-0.09,,-0.0022703628318739,-0.0002942983860133,jan-B,-0.0014893972196692,-0.0200604166666666
2026-01-28,ITC.NS,0.265,-0.7808,5,4,-0.2931,0.5759,-1.0,-0.2632,True,-0.2579,,0.0031137934852512,-0.0157829792534945,jan-B,0.0038947590974559,-0.1879604166666666
2026-01-28,SBIN.NS,0.7701,-0.3956,8,5,0.2584,0.8642,-1.0,-0.0645,False,0.18725,,0.0128349888144745,0.0261482128752121,jan-B,0.0136159544266792,0.2571895833333333
2026-01-28,BHARTIARTL.NS,0.3595,-0.7808,7,4,-0.4712,0.647,-1.0,-0.2632,True,-0.21065,,0.0056188385729976,-0.0191884012164954,jan-B,0.0063998041852023,-0.1407104166666667
2026-01-28,KOTAKBANK.NS,0.241,-0.3231,8,6,-0.71,0.8273,-0.8646,-0.0439,False,-0.04105,0.2941,-0.0106692385101945,-0.0268994672601392,jan-B,-0.0098882728979897,0.0288895833333333
2026-01-28,LT.NS,-0.2097,0.1205,9,9,-0.8516,0.8179,-0.4162,0.5422,False,-0.0446,0.1131,0.0364523367753082,-0.0043301876270149,jan-B,0.037233302387513,0.0253395833333333
2026-01-28,AXISBANK.NS,0.8209,-0.183,10,8,0.6153,0.8742,-0.5644,-0.0297,False,0.3189499999999999,0.0907,0.0383391223775648,0.020332469136548,jan-B,0.0391200879897696,0.3888895833333333
2026-01-28,BAJFINANCE.NS,-0.1943,-0.5122,6,5,-0.7552,0.4824,-1.0,-0.0995,False,-0.35325,,-0.0056675920331027,0.0020895972798151,jan-B,-0.0048866264208979,-0.2833104166666667
2026-01-28,ASIANPAINT.NS,-0.263,-0.3949,13,7,-0.821,0.4224,-0.9175,-0.0935,False,-0.3289499999999999,,-0.0332430737387129,-0.0612199197919409,jan-B,-0.0324621081265081,-0.2590104166666666
2026-01-28,MARUTI.NS,0.8005,-0.3821,7,5,0.1223,0.8931,-1.0,-0.0611,False,0.2092,,-0.0186865631511728,-0.0631022104666541,jan-B,-0.0179055975389681,0.2791395833333333
2026-01-28,HCLTECH.NS,-0.3027,-0.0843,6,5,-0.7945,0.4807,-1.0,0.7107,False,-0.1935,0.3182,-0.0196577402819895,0.0250695547039063,jan-B,-0.0188767746697847,-0.1235604166666666
2026-01-28,SUNPHARMA.NS,0.265,-0.7808,5,4,-0.315,0.5759,-1.0,-0.2632,True,-0.2579,,-0.0094995133833686,-0.0019829571962632,jan-B,-0.0087185477711638,-0.1879604166666666
2026-01-28,TITAN.NS,-0.6668,-0.3956,6,5,-0.8881,0.49,-1.0,-0.0645,False,-0.5312,,0.0005534189975089,-0.024610489222948,jan-B,0.0013343846097136,-0.4612604166666667
2026-01-28,WIPRO.NS,-0.2835,-0.0759,9,9,-0.7342,0.2977,-0.5772,0.406,False,-0.1796999999999999,0.1157,-0.0018959856560314,0.0149137474981071,jan-B,-0.0011150200438266,-0.1097604166666666
2026-01-28,ULTRACEMCO.NS,0.8395,-0.3956,8,5,0.5463,0.8967,-1.0,-0.0497,False,0.22195,0.1096,-0.005717866374246,0.0587113359316693,jan-B,-0.0049369007620413,0.2918895833333333
2026-01-28,NESTLEIND.NS,0.7574,-0.4634,7,6,0.1286,0.8443,-1.0,-0.115,False,0.147,,0.0309502363851237,-0.002546845697315,jan-B,0.0317312019973284,0.2169395833333333
2026-01-28,ONGC.NS,0.7742,-0.3313,10,6,0.4726,0.8643,-0.8644,-0.0515,False,0.22145,,0.0014148992637312,0.1172676715176714,jan-B,0.002195864875936,0.2913895833333333
2026-01-28,NTPC.NS,0.265,-0.7808,5,4,-0.315,0.5759,-1.0,-0.2632,True,-0.2579,,0.0228415832828523,0.027453883930484,jan-B,0.0236225488950571,-0.1879604166666666
2026-01-28,POWERGRID.NS,0.7972,0.0692,7,5,0.1304,0.8743,-1.0,0.7843,False,0.4332,,-0.0127020863403097,0.0226333052042728,jan-B,-0.011921120728105,0.5031395833333334
2026-01-28,M&M.NS,0.4802,-0.2011,8,7,-0.7211,0.8819,-0.948,0.491,False,0.13955,,-0.0050446197930156,-0.0304427403592761,jan-B,-0.0042636541808108,0.2094895833333333
2026-01-28,TATASTEEL.NS,0.265,-0.7808,5,4,-0.315,0.5759,-1.0,-0.2632,True,-0.2579,,-0.0037142538316874,0.0560580375546599,jan-B,-0.0029332882194826,-0.1879604166666666
2026-01-28,JSWSTEEL.NS,0.8425,-0.0091,10,8,0.6766,0.889,-0.4708,0.3462,False,0.4167,,-0.0035282899237648,0.0506034061826508,jan-B,-0.00274732431156,0.4866395833333333
2026-01-28,ADANIENT.NS,-0.2103,-0.4493,8,5,-0.7403,0.5269,-1.0,-0.0734,False,-0.3298,,0.0128841857167809,-0.0293903751018549,jan-B,0.0136651513289857,-0.2598604166666666
2026-01-28,ADANIPORTS.NS,-0.3759,-0.5421,9,7,-0.7191,0.3421,-1.0,0.1904,False,-0.459,,0.0274260257792613,0.010456276916819,jan-B,0.0282069913914661,-0.3890604166666667
2026-01-28,COALINDIA.NS,0.4658,-0.1702,6,5,-0.0926,0.752,-1.0,0.6135,False,0.1478,,-0.0074315570192328,0.0692270224446462,jan-B,-0.006650591407028,0.2177395833333333
2026-01-28,BAJAJFINSV.NS,-0.2094,-0.8562,6,5,-0.7763,0.4824,-1.0,-0.4167,False,-0.5327999999999999,,0.0063391879855083,-0.0093939361834064,jan-B,0.0071201535977131,-0.4628604166666666
2026-01-28,GRASIM.NS,0.7329,-0.6707,7,6,0.1895,0.8151,-1.0,-0.2015,False,0.0311,,-0.0070797425116653,0.0462485242790178,jan-B,-0.0062987768994605,0.1010395833333333
2026-01-28,HINDALCO.NS,0.7381,-0.3956,6,5,-0.0327,0.8456,-1.0,-0.0645,False,0.1712499999999999,,-0.0356642318029847,0.0755306954693513,jan-B,-0.0348832661907799,0.2411895833333333
2026-01-28,DRREDDY.NS,0.5806,0.0635,13,12,0.2048,0.8032,-0.2716,0.3773,False,0.32205,0.028,-0.0035992019746932,0.0478272487901259,jan-B,-0.0028182363624884,0.3919895833333333
2026-01-28,CIPLA.NS,-0.8404,-0.3653,11,10,-0.9371,-0.5794,-0.8347,0.1793,False,-0.60285,0.1457,-0.0033122748956275,-0.0362739356906911,jan-B,-0.0025313092834228,-0.5329104166666667
2026-01-28,BRITANNIA.NS,0.4776,-0.2343,6,5,-0.0321,0.6715,-1.0,0.6035,False,0.12165,,0.019483343480908,-0.0230285520054385,jan-B,0.0202643090931128,0.1915895833333333
2026-01-28,EICHERMOT.NS,0.6047,-0.4929,6,5,-0.0766,0.7371,-1.0,-0.1064,False,0.0559,,0.0072832696931126,-0.0142887014706907,jan-B,0.0080642353053174,0.1258395833333333
2026-01-28,HEROMOTOCO.NS,0.265,-0.7808,5,4,-0.2925,0.5759,-1.0,-0.2632,True,-0.2579,,0.0039002120057356,-0.0121852486780529,jan-B,0.0046811776179404,-0.1879604166666666
2026-01-28,BAJAJ-AUTO.NS,0.265,-0.7808,5,4,-0.315,0.5625,-1.0,-0.2632,True,-0.2579,,0.0173848112566192,0.027614434821144,jan-B,0.018165776868824,-0.1879604166666666
2026-01-28,DIVISLAB.NS,-0.2687,-0.8843,7,6,-0.7421,0.3747,-1.0,-0.5604,False,-0.5765,,-0.0221396250808015,0.0291036088474971,jan-B,-0.0213586594685968,-0.5065604166666666
2026-01-28,TECHM.NS,0.7373,0.1314,10,10,0.529,0.8505,-0.3245,0.5172,False,0.4343499999999999,0.2477,-0.0112315211038164,0.0502830053107312,jan-B,-0.0104505554916116,0.5042895833333333
2026-01-28,INDUSINDBK.NS,0.1698,-0.2748,9,6,-0.5487,0.7015,-1.0,0.5599,False,-0.0524999999999999,0.1972,-0.0062105318235351,-0.0038115363353876,jan-B,-0.0054295662113303,0.0174395833333333
2026-01-28,APOLLOHOSP.NS,0.6151,-0.7808,6,4,-0.0766,0.7795,-1.0,-0.2632,True,-0.08285,,0.0120683655323003,-0.0050632938252359,jan-B,0.0128493311445051,-0.0129104166666667
2026-01-28,TATACONSUM.NS,0.2911,0.477,11,10,-0.435,0.8356,-0.0921,0.8184,False,0.38405,0.1116,0.0018554673691606,-0.0448944517007828,jan-B,0.0026364329813654,0.4539895833333333
2026-01-28,SBILIFE.NS,0.071,-0.1751,7,6,-0.5105,0.7228,-0.8644,0.5343,False,-0.05205,,-0.0266412621132637,0.0020007844692975,jan-B,-0.025860296501059,0.0178895833333333
2026-01-28,HDFCLIFE.NS,0.265,-0.2991,5,5,-0.315,0.558,-1.0,0.4733,False,-0.0170499999999999,0.1213,0.0032939926710302,-0.0047807390266184,jan-B,0.004074958283235,0.0528895833333333
2026-01-28,SHRIRAMFIN.NS,0.4859,-0.3956,7,5,-0.6771,0.8554,-1.0,-0.0645,False,0.0451499999999999,0.092,0.0011778682974181,0.0316961901700949,jan-B,0.0019588339096229,0.1150895833333333
2026-01-28,BPCL.NS,0.8254,-0.1273,9,8,0.5102,0.8956,-0.7519,0.3351,False,0.34905,,0.0059334564050552,0.0201294625603198,jan-B,0.00671442201726,0.4189895833333333
2026-02-12,RELIANCE.NS,-0.2206,-0.2803,13,9,-0.6818,0.6568,-0.7683,0.4008,False,-0.25045,0.1498,-0.0202222440028838,0.0038103931770443,feb-A,-0.0075380808053061,-0.1652552083333333
2026-02-12,TCS.NS,-0.362,-0.1796,15,9,-0.8914,0.3323,-0.7201,0.3544,False,-0.2708,0.2331,-0.0210538003573601,-0.0806953110879776,feb-A,-0.0083696371597824,-0.1856052083333333
2026-02-12,HDFCBANK.NS,0.2758,-0.3265,10,6,-0.7178,0.7723,-0.8511,0.3265,False,-0.02535,0.0644,-0.0181403415339962,-0.0306412477656872,feb-A,-0.0054561783364185,0.0598447916666666
2026-02-12,INFY.NS,-0.1564,-0.4092,12,8,-0.8282,0.6272,-0.8312,0.1053,False,-0.2828,0.0853,-0.0121934167265032,-0.0882778083135762,feb-A,0.0004907464710745,-0.1976052083333333
2026-02-12,ICICIBANK.NS,-0.7361,-0.2841,9,6,-0.9398,0.3632,-0.8511,0.2484,False,-0.5101,0.0929,-0.0107692478420017,0.0239885427855353,feb-A,0.0019149153555759,-0.4249052083333333
2026-02-12,HINDUNILVR.NS,-0.0957,-0.4103,8,5,-0.7061,0.5135,-1.0,0.4103,False,-0.253,0.2724,-0.0433663874420247,0.0234879331408652,feb-A,-0.0306822242444469,-0.1678052083333333
2026-02-12,ITC.NS,0.2756,-0.265,13,8,-0.1896,0.6649,-0.7338,0.2714,False,0.0052999999999999,,-0.0116553613170895,0.0233719654049595,feb-A,0.0010288018804881,0.0904947916666666
2026-02-12,SBIN.NS,0.7559,0.1443,13,8,0.4383,0.8632,-0.5,0.6898,False,0.4501,0.2743,0.0051995860007731,0.1107592328397699,feb-A,0.0178837491983509,0.5352947916666666
2026-02-12,BHARTIARTL.NS,-0.4312,-0.4103,9,5,-0.8473,0.4119,-1.0,0.4103,False,-0.42075,0.0923,-0.0048647549407421,0.011092137781135,feb-A,0.0078194082568355,-0.3355552083333333
2026-02-12,KOTAKBANK.NS,0.3562,-0.3524,10,6,-0.6143,0.7771,-0.8621,0.3478,False,0.0019,0.2334,-0.0131378442311217,0.0428134556574923,feb-A,-0.000453681033544,0.0870947916666666
2026-02-12,LT.NS,0.2073,-0.444,10,7,-0.7286,0.6685,-0.884,0.1394,False,-0.11835,0.0898,-0.0028667341986854,0.0301724475283742,feb-A,0.0098174289988922,-0.0331552083333333
2026-02-12,AXISBANK.NS,0.1659,-0.3314,9,6,-0.5775,0.6691,-0.8511,0.3314,False,-0.0827499999999999,0.0719,-0.0057462322178171,0.0070645006662675,feb-A,0.0069379309797605,0.0024447916666666
2026-02-12,BAJFINANCE.NS,-0.5505,-0.1032,14,10,-0.8635,0.23,-0.5606,0.4266,False,-0.32685,0.0407,0.0256731308586206,0.035605053729917,feb-A,0.0383572940561983,-0.2416552083333333
2026-02-12,ASIANPAINT.NS,-0.3147,-0.37,9,6,-0.8945,0.3077,-0.9041,0.3484,False,-0.34235,0.1908,-0.0182949697108326,-0.0088812534704657,feb-A,-0.0056108065132549,-0.2571552083333333
2026-02-12,MARUTI.NS,0.4208,-0.2263,12,8,-0.3425,0.7749,-0.6655,0.2263,False,0.09725,,-0.0058071251468093,0.0177302609735041,feb-A,0.0068770380507683,0.1824447916666666
2026-02-12,HCLTECH.NS,-0.4671,-0.444,11,7,-0.7699,-0.0131,-0.884,0.1287,False,-0.45555,0.2526,-0.0141589723638894,-0.0831676951392818,feb-A,-0.0014748091663117,-0.3703552083333333
2026-02-12,SUNPHARMA.NS,0.3798,0.0958,17,13,-0.0673,0.693,-0.3063,0.4925,False,0.2378,0.1977,-0.0101463783114748,0.007224274054093,feb-A,0.0025377848861029,0.3229947916666666
2026-02-12,TITAN.NS,0.7349,0.2662,14,11,0.4764,0.8296,-0.3599,0.7135,False,0.50055,-0.0176,-0.0225921731108877,0.0434887990004628,feb-A,-0.00990800991331,0.5857447916666667
2026-02-12,WIPRO.NS,-0.5548,-0.0975,12,9,-0.8193,0.3493,-0.5478,0.3407,False,-0.32615,0.0918,-0.0227770926212249,-0.0613136706629103,feb-A,-0.0100929294236472,-0.2409552083333333
2026-02-12,ULTRACEMCO.NS,-0.1035,-0.3286,10,6,-0.6972,0.7059,-0.8511,0.3073,False,-0.21605,0.087,-0.0050656228413539,0.0200422766773662,feb-A,0.0076185403562237,-0.1308552083333333
2026-02-12,NESTLEIND.NS,0.3369,-0.2992,10,7,-0.3076,0.6699,-0.7938,0.2894,False,0.0188499999999999,,-0.0175411906656932,0.006941766293868,feb-A,-0.0048570274681155,0.1040447916666666
2026-02-12,ONGC.NS,-0.4986,-0.5882,11,8,-0.8112,0.5412,-0.9242,-0.1245,False,-0.5434,,-0.0323865717776388,0.0265602130897102,feb-A,-0.0197024085800611,-0.4582052083333333
2026-02-12,NTPC.NS,0.2974,-0.2684,11,7,-0.3695,0.7163,-0.7407,0.2684,False,0.0144999999999999,0.2436,-0.0142566191446028,0.0109814687714482,feb-A,-0.0015724559470251,0.0996947916666666
2026-02-12,POWERGRID.NS,0.446,-0.2051,11,10,-0.1731,0.7711,-0.5825,0.1931,False,0.12045,0.2064,-0.0227968078550316,0.0271276242880615,feb-A,-0.0101126446574539,0.2056447916666666
2026-02-12,M&M.NS,-0.7831,0.018,10,7,-0.9017,0.189,-0.7143,0.587,False,-0.38255,0.1227,-0.0166152329993372,0.0059070822105962,feb-A,-0.0039310698017594,-0.2973552083333333
2026-02-12,TATASTEEL.NS,0.6244,-0.0709,11,7,-0.0151,0.8309,-0.655,0.5409,False,0.27675,0.2054,-0.0236893921116577,0.0523361777592978,feb-A,-0.01100522891408,0.3619447916666666
2026-02-12,JSWSTEEL.NS,-0.2243,-0.2219,9,7,-0.7466,0.4276,-0.7493,0.4088,False,-0.2231,,-0.012741424876186,0.0065332918752452,feb-A,-5.726167860830613e-05,-0.1379052083333333
2026-02-12,ADANIENT.NS,0.5528,-0.082,14,10,0.1432,0.8015,-0.5235,0.3399,False,0.2353999999999999,0.0058,-0.0339993974921716,-0.0110883234938877,feb-A,-0.0213152342945939,0.3205947916666666
2026-02-12,ADANIPORTS.NS,0.4068,-0.1154,11,7,-0.162,0.7691,-0.7024,0.4693,False,0.1457,0.0902,-0.0160005012341063,-0.0168768363416775,feb-A,-0.0033163380365286,0.2308947916666666
2026-02-12,COALINDIA.NS,-0.797,-0.0629,13,10,-0.9198,-0.4527,-0.5435,0.3798,False,-0.42995,,-0.0243349032485611,-0.0294083594337857,feb-A,-0.0116507400509834,-0.3447552083333333
2026-02-12,BAJAJFINSV.NS,-0.012,0.0774,10,7,-0.708,0.6094,-0.6566,0.7473,False,0.0327,0.049,-0.0068234375242502,0.018499075272055,feb-A,0.0058607256733274,0.1178947916666666
2026-02-12,GRASIM.NS,0.5831,-0.2866,11,7,-0.1331,0.7843,-0.7964,0.2657,False,0.1482499999999999,0.332,-0.012818321654418,0.0215091657378938,feb-A,-0.0001341584568403,0.2334447916666666
2026-02-12,HINDALCO.NS,-0.1515,-0.1267,12,8,-0.8208,0.6853,-0.6128,0.2395,False,-0.1391,0.1688,-0.0574450674114423,0.0309476848888254,feb-A,-0.0447609042138646,-0.0539052083333333
2026-02-12,DRREDDY.NS,-0.0957,-0.4103,8,5,-0.6689,0.5435,-1.0,0.4103,False,-0.253,0.0223,-0.0053337898642289,0.0240983206776945,feb-A,0.0073503733333487,-0.1678052083333333
2026-02-12,CIPLA.NS,-0.0957,-0.4103,8,5,-0.8567,0.4729,-1.0,0.4103,False,-0.253,0.1157,0.001127838878572,-0.0024751226286813,feb-A,0.0138120020761497,-0.1678052083333333
2026-02-12,BRITANNIA.NS,0.8159,0.273,15,13,0.6318,0.8848,-0.1737,0.6437,False,0.54445,0.0752,-0.0199115044247787,0.039434460437782,feb-A,-0.007227341227201,0.6296447916666666
2026-02-12,EICHERMOT.NS,0.1598,-0.1529,14,10,-0.5996,0.8153,-0.4921,0.1575,False,0.0034499999999999,0.2629,0.0153594359813671,0.1017407587211318,feb-A,0.0280435991789448,0.0886447916666666
2026-02-12,HEROMOTOCO.NS,0.4867,-0.1994,11,6,-0.204,0.8071,-0.8511,0.641,False,0.14365,0.2244,-0.0259898831327403,0.0136566531690109,feb-A,-0.0133057199351626,0.2288447916666666
2026-02-12,BAJAJ-AUTO.NS,-0.2808,-0.3286,10,6,-0.6949,0.4758,-0.8511,0.3239,False,-0.3046999999999999,0.3021,-0.0081300698457568,0.0200061921068295,feb-A,0.0045540933518208,-0.2195052083333333
2026-02-12,DIVISLAB.NS,-0.3973,0.078,13,10,-0.8485,0.4214,-0.3707,0.515,False,-0.15965,0.2323,-0.0026677445432498,0.0070829601888788,feb-A,0.0100164186543279,-0.0744552083333333
2026-02-12,TECHM.NS,-0.5417,-0.3239,10,6,-0.7969,0.0864,-0.8511,0.1778,False,-0.4327999999999999,0.1966,-0.0014317006422156,-0.0665775597356305,feb-A,0.011252462555362,-0.3476052083333333
2026-02-12,INDUSINDBK.NS,-0.024,-0.2751,11,7,-0.7384,0.5988,-0.746,0.1547,False,-0.14955,0.1565,0.0036306226743452,0.0090769767840801,feb-A,0.0163147858719229,-0.0643552083333333
2026-02-12,APOLLOHOSP.NS,0.7395,0.1372,12,9,0.0909,0.86,-0.4254,0.6193,False,0.43835,0.0958,0.0004642852209368,0.0585509906039996,feb-A,0.0131484484185145,0.5235447916666667
2026-02-12,TATACONSUM.NS,0.4264,-0.2449,11,8,-0.2797,0.7926,-0.6969,0.2156,False,0.09075,0.0885,-0.0148786421519897,-0.0057098851388028,feb-A,-0.002194478954412,0.1759447916666666
2026-02-12,SBILIFE.NS,-0.0957,-0.4103,8,5,-0.67,0.5279,-1.0,0.4103,False,-0.253,0.2375,0.005983841903977,0.0021310519722363,feb-A,0.0186680051015547,-0.1678052083333333
2026-02-12,HDFCLIFE.NS,0.2222,-0.3311,9,6,-0.5246,0.6996,-0.8511,0.3138,False,-0.05445,0.0963,-0.0083962472942079,-0.0249756650787313,feb-A,0.0042879159033697,0.0307447916666666
2026-02-12,SHRIRAMFIN.NS,-0.1032,-0.2647,11,8,-0.7155,0.2992,-0.7472,0.2534,False,-0.18395,0.073,-0.0157000362332809,0.0915323072864162,feb-A,-0.0030158730357032,-0.0987552083333333
2026-02-12,BPCL.NS,0.234,-0.138,9,6,-0.5324,0.6921,-0.8511,0.5594,False,0.048,,-0.0095313899580768,-0.0113858807091357,feb-A,0.0031527732395008,0.1331947916666666
2026-02-28,RELIANCE.NS,0.7587,-0.2268,5,4,0.3872,0.844,-0.7101,0.0,True,0.26595,0.1171,-0.0257551373906458,-0.0179653714624694,feb-B,-0.0144048518578865,0.3455552083333333
2026-02-28,TCS.NS,0.8032,0.0897,4,4,0.1776,0.8975,-0.5808,0.6796,True,0.44645,0.1822,-0.0090619738242796,-0.0181669450973401,feb-B,0.0022883117084796,0.5260552083333333
2026-02-28,HDFCBANK.NS,-0.8903,-0.771,6,6,-0.949,-0.7107,-1.0,-0.3506,False,-0.83065,0.0503,-0.0094058349290332,-0.0264297196474713,feb-B,0.001944450603726,-0.7510447916666667
2026-02-28,INFY.NS,-0.677,-0.316,8,8,-0.8873,-0.2186,-0.7701,0.1433,False,-0.4965,0.0666,-0.0086147191628603,-0.0392402714943386,feb-B,0.0027355663698988,-0.4168947916666667
2026-02-28,ICICIBANK.NS,-0.5176,-0.4495,3,2,-0.898,0.9246,-1.0,0.0,True,-0.48355,0.0726,-0.0035535748258069,-0.0111867877991663,feb-B,0.0077967107069522,-0.4039447916666666
2026-02-28,HINDUNILVR.NS,0.1776,-0.4495,2,2,-0.898,0.9246,-1.0,0.0,True,-0.13595,0.2129,-0.0074846839704583,0.0101965585602576,feb-B,0.0038656015623009,-0.0563447916666666
2026-02-28,ITC.NS,-0.3235,-0.0454,7,7,-0.8811,0.8856,-0.2789,0.1652,False,-0.18445,,0.0041453424975779,-0.0409785789651999,feb-B,0.0154956280303371,-0.1048447916666666
2026-02-28,SBIN.NS,0.8235,-0.2206,3,3,-0.898,0.9246,-1.0,0.0,True,0.30145,0.2144,-0.0098193148041116,-0.0118411195537578,feb-B,0.0015309707286475,0.3810552083333333
2026-02-28,BHARTIARTL.NS,-0.9327,-0.0446,6,6,-0.9604,-0.7747,-0.664,0.4461,False,-0.48865,0.0722,-0.0032459413067401,-0.0496105868184189,feb-B,0.008104344226019,-0.4090447916666666
2026-02-28,KOTAKBANK.NS,0.8622,-0.2112,4,4,0.1776,0.9275,-0.7101,0.0,True,0.3255,0.1824,-0.0050578180196885,-0.0145959269191833,feb-B,0.0062924675130707,0.4051052083333333
2026-02-28,LT.NS,0.4512,-0.1079,8,7,-0.3531,0.8982,-0.3692,0.0,False,0.17165,0.0702,-0.0494588983434182,-0.0233529839930244,feb-B,-0.0381086128106589,0.2512552083333333
2026-02-28,AXISBANK.NS,0.6951,-0.1512,5,5,-0.0053,0.9176,-0.5449,0.0,False,0.27195,0.0562,-0.0083820907444878,0.0114009903012852,feb-B,0.0029681947882714,0.3515552083333333
2026-02-28,BAJFINANCE.NS,-0.6211,-0.6825,3,3,-0.9621,0.9246,-1.0,0.0,True,-0.6517999999999999,0.0318,-0.0177226869980717,-0.0332944364041132,feb-B,-0.0063724014653125,-0.5721947916666666
2026-02-28,ASIANPAINT.NS,-0.887,-0.7394,4,3,-0.9409,0.1776,-1.0,0.0,True,-0.8131999999999999,0.1491,-0.0290800303735055,-0.0213747469181648,feb-B,-0.0177297448407463,-0.7335947916666666
2026-02-28,MARUTI.NS,-0.4223,-0.1604,6,4,-0.9192,0.8838,-0.6632,0.0,True,-0.29135,,-0.031567611227031,-0.0080122855044401,feb-B,-0.0202173256942717,-0.2117447916666666
2026-02-28,HCLTECH.NS,-0.208,-0.3256,8,7,-0.9255,0.5118,-0.9054,0.374,False,-0.2668,0.1974,-0.0130299469627628,-0.0329969124637441,feb-B,-0.0016796614300035,-0.1871947916666666
2026-02-28,SUNPHARMA.NS,0.8421,-0.1973,3,3,-0.898,0.9246,-1.0,0.0,True,0.3223999999999999,0.1545,0.008923431203224,0.0073068750913634,feb-B,0.0202737167359832,0.4020052083333333
2026-02-28,TITAN.NS,0.7306,-0.2439,3,3,-0.898,0.9246,-1.0,0.0,True,0.24335,-0.0138,-0.0132178383160023,0.0215041308082954,feb-B,-0.001867552783243,0.3229552083333333
2026-02-28,WIPRO.NS,-0.8634,-0.7676,3,3,-0.919,0.9246,-1.0,0.0,True,-0.8154999999999999,0.0717,-0.0118929105782296,-0.0424091959906597,feb-B,-0.0005426250454703,-0.7358947916666666
2026-02-28,ULTRACEMCO.NS,0.2192,-0.2187,5,4,-0.7318,0.8694,-0.7101,0.0,True,0.00025,0.068,-0.0123057505719018,-0.0069716434278552,feb-B,-0.0009554650391426,0.0798552083333333
2026-02-28,NESTLEIND.NS,-0.273,-0.5064,4,4,-0.5971,0.9172,-1.0,0.0,True,-0.3897,,-0.0092900831877504,-0.0016232010952172,feb-B,0.0020602023450087,-0.3100947916666666
2026-02-28,ONGC.NS,0.5375,-0.0202,4,4,0.1113,0.7214,-0.7101,0.6912,True,0.25865,,0.0089381476256409,0.0037682337468019,feb-B,0.0202884331584001,0.3382552083333333
2026-02-28,NTPC.NS,-0.8013,-0.4495,3,2,-0.898,0.9246,-1.0,0.0,True,-0.6254,0.1904,-0.0113904325033707,0.0239978050583486,feb-B,-4.014697061153344e-05,-0.5457947916666667
2026-02-28,POWERGRID.NS,-0.7377,-0.2883,3,3,-0.898,0.9246,-1.0,0.0,True,-0.513,0.1613,-0.0061945626697613,-0.0010035735015762,feb-B,0.0051557228629978,-0.4333947916666666
2026-02-28,M&M.NS,-0.5434,-0.6732,3,3,-0.9313,0.9246,-1.0,0.0,True,-0.6083000000000001,0.0959,-0.0185729838492355,-0.0045124666737106,feb-B,-0.0072226983164762,-0.5286947916666668
2026-02-28,TATASTEEL.NS,0.1776,-0.4495,2,2,-0.898,0.9246,-1.0,0.0,True,-0.13595,0.1605,-0.0062167716999878,0.019053580698048,feb-B,0.0051335138327714,-0.0563447916666666
2026-02-28,JSWSTEEL.NS,0.8566,-0.205,3,3,-0.898,0.9246,-1.0,0.0,True,0.3258,,0.0020559008117622,0.0233855811635184,feb-B,0.0134061863445214,0.4054052083333334
2026-02-28,ADANIENT.NS,0.6621,-0.2668,3,3,-0.898,0.9246,-1.0,0.0,True,0.19765,0.0046,-0.0172078696828391,0.0004627723704775,feb-B,-0.0058575841500798,0.2772552083333333
2026-02-28,ADANIPORTS.NS,0.8448,-0.2206,3,3,-0.898,0.9345,-1.0,0.0,True,0.3121,0.0705,-0.0333333064683818,0.0062851153866148,feb-B,-0.0219830209356225,0.3917052083333333
2026-02-28,COALINDIA.NS,0.1776,-0.4495,2,2,-0.898,0.9246,-1.0,0.0,True,-0.13595,,-0.010217099637396,0.0167630889107381,feb-B,0.0011331858953632,-0.0563447916666666
2026-02-28,BAJAJFINSV.NS,0.1776,-0.4495,2,2,-0.898,0.9246,-1.0,0.0,True,-0.13595,0.0383,-0.0258352560295256,-0.0316249577779633,feb-B,-0.0144849704967663,-0.0563447916666666
2026-02-28,GRASIM.NS,0.8276,-0.2128,3,3,-0.1351,0.9246,-1.0,0.0,True,0.3074,0.2595,-0.0080362881661558,-0.0116492514230404,feb-B,0.0033139973666033,0.3870052083333333
2026-02-28,HINDALCO.NS,0.2478,-0.305,4,6,-0.9481,0.8777,-0.7534,0.0,True,-0.0286,0.132,0.016545893361082,-0.0117559045169342,feb-B,0.0278961788938412,0.0510052083333333
2026-02-28,DRREDDY.NS,0.8753,-0.1897,3,3,-0.898,0.9246,-1.0,0.0,True,0.3428,0.0174,0.006297112087741,0.0046079539999714,feb-B,0.0176473976205003,0.4224052083333333
2026-02-28,CIPLA.NS,-0.3082,-0.7931,4,4,-0.956,0.6979,-1.0,-0.3831,True,-0.55065,0.0904,0.002521887846089,0.0052941052707593,feb-B,0.0138721733788483,-0.4710447916666666
2026-02-28,BRITANNIA.NS,0.1776,-0.4495,2,2,-0.898,0.9246,-1.0,0.0,True,-0.13595,0.0588,-0.0072469804248229,-0.0157415757973271,feb-B,0.0041033051079362,-0.0563447916666666
2026-02-28,EICHERMOT.NS,0.8532,-0.4495,3,2,-0.898,0.9259,-1.0,0.0,True,0.2018499999999999,0.2054,-0.023032270145434,0.0093240093240092,feb-B,-0.0116819846126748,0.2814552083333333
2026-02-28,HEROMOTOCO.NS,0.8386,0.0473,5,5,0.6326,0.9205,-0.4788,0.5499,False,0.44295,0.1754,-0.0207530647985989,0.0448307410795973,feb-B,-0.0094027792658396,0.5225552083333334
2026-02-28,BAJAJ-AUTO.NS,-0.2559,-0.4344,5,5,-0.9114,0.8861,-0.8685,0.0,False,-0.34515,0.2361,-0.0197041346081278,0.0168756942340704,feb-B,-0.0083538490753685,-0.2655447916666666
2026-02-28,DIVISLAB.NS,0.1776,-0.4495,2,2,-0.898,0.9246,-1.0,0.0,True,-0.13595,0.1816,-0.0007802137785752,0.0186774757590209,feb-B,0.0105700717541839,-0.0563447916666666
2026-02-28,TECHM.NS,-0.9196,-0.5224,4,4,-0.9589,0.1776,-1.0,0.0,True,-0.721,0.1536,-0.0091324377435135,-0.0680211228809565,feb-B,0.0022178477892456,-0.6413947916666667
2026-02-28,INDUSINDBK.NS,0.8346,0.2796,4,4,0.1776,0.9069,-0.6632,0.8484,True,0.5571,0.1223,-0.0148941729814475,0.0331515713100949,feb-B,-0.0035438874486883,0.6367052083333333
2026-02-28,APOLLOHOSP.NS,0.1776,-0.4495,2,2,-0.898,0.9246,-1.0,0.0,True,-0.13595,0.0749,-0.0038355814102154,0.0270500952005776,feb-B,0.0075147041225438,-0.0563447916666666
2026-02-28,TATACONSUM.NS,0.675,-0.172,4,4,-0.3069,0.8625,-0.6375,0.0,True,0.2515,0.0692,-0.0138475487892295,-0.0131464503689636,feb-B,-0.0024972632564702,0.3311052083333334
2026-02-28,SBILIFE.NS,0.6096,-0.1851,6,5,-0.0843,0.8566,-0.5908,0.0,False,0.21225,0.1857,-0.0024543407593197,-0.0205769305134915,feb-B,0.0088959447734395,0.2918552083333333
2026-02-28,HDFCLIFE.NS,0.5265,-0.1663,5,4,-0.727,0.9043,-0.6476,0.0,True,0.1800999999999999,0.0753,-0.0111840763880141,-0.0183216703973938,feb-B,0.0001662091447451,0.2597052083333333
2026-02-28,SHRIRAMFIN.NS,0.3214,-0.4495,3,2,-0.898,0.9246,-1.0,0.0,True,-0.06405,0.0571,-0.0249212746022169,0.0189747707537384,feb-B,-0.0135709890694576,0.0155552083333333
2026-02-28,BPCL.NS,0.8258,-0.1062,6,7,0.5544,0.8906,-0.4352,0.0,False,0.3598,,-0.0275039083326055,0.0521430705433461,feb-B,-0.0161536227998462,0.4394052083333333
2026-03-12,RELIANCE.NS,-0.4753,-0.3585,5,5,-0.959,0.864,-0.799,0.0,False,-0.4169,0.0973,-0.0082602703055288,0.0020151670202837,mar-A,0.0129979066730825,0.0585010416666665
2026-03-12,TCS.NS,-0.5843,-0.2414,3,2,-0.9419,0.8905,-1.0,0.0,True,-0.41285,0.1515,-0.0130608792755676,-0.0528928768138053,mar-A,0.0081972977030437,0.0625510416666665
2026-03-12,HDFCBANK.NS,-0.7562,-1.0,1,1,-0.7562,-0.7562,-1.0,-1.0,True,-0.8781,0.0418,-0.018913204329647,-0.0512674319652456,mar-A,0.0023449726489643,-0.4026989583333334
2026-03-12,INFY.NS,0.6393,-1.0,2,2,-0.7562,0.9051,-1.0,-1.0,True,-0.18035,0.0554,-0.0138252984123133,-0.0306325233717694,mar-A,0.007432878566298,0.2950510416666665
2026-03-12,ICICIBANK.NS,-0.1867,-0.3849,7,6,-0.9117,0.4603,-1.0,0.3855,False,-0.2858,0.0604,-0.0092380190855704,-0.0671036956571975,mar-A,0.0120201578930409,0.1896010416666665
2026-03-12,HINDUNILVR.NS,-0.7392,-0.7551,5,4,-0.9434,0.228,-1.0,-0.2285,True,-0.74715,0.177,0.0108101819712811,-0.0523726367988894,mar-A,0.0320683589498925,-0.2717489583333334
2026-03-12,ITC.NS,-0.0881,-1.0,3,3,-0.9481,0.8037,-1.0,-1.0,True,-0.54405,,-0.0087142115500311,-0.0237559839815275,mar-A,0.0125439654285802,-0.0686489583333334
2026-03-12,SBIN.NS,-0.9053,-1.0,3,2,-0.9501,-0.7562,-1.0,-1.0,True,-0.95265,0.1782,-0.0352008169890294,-0.0720821743950002,mar-A,-0.013942640010418,-0.4772489583333334
2026-03-12,BHARTIARTL.NS,-0.7562,-1.0,1,2,-0.7562,-0.7562,-1.0,-1.0,True,-0.8781,0.06,0.0011658110969927,-0.0554273472322365,mar-A,0.0224239880756041,-0.4026989583333334
2026-03-12,KOTAKBANK.NS,-0.9506,-1.0,2,2,-0.959,-0.7562,-1.0,-1.0,True,-0.9753,0.1516,-0.0225152730197115,-0.0785661697988207,mar-A,-0.0012570960411001,-0.4998989583333335
2026-03-12,LT.NS,0.2112,-0.3878,4,2,-0.9156,0.8977,-1.0,0.0,True,-0.0882999999999999,0.0583,-0.0754133912347835,-0.0790353072464332,mar-A,-0.0541552142561721,0.3871010416666666
2026-03-12,AXISBANK.NS,-0.9412,-0.5793,6,5,-0.9559,-0.9176,-1.0,-0.0942,False,-0.7602500000000001,0.0467,-0.0301336177981976,-0.0849455026757114,mar-A,-0.0088754408195862,-0.2848489583333335
2026-03-12,BAJFINANCE.NS,-0.7527,-0.3566,3,2,-0.9624,-0.6824,-1.0,0.0,True,-0.55465,0.0264,-0.0093268312138508,-0.1031795992405359,mar-A,0.0119313457647605,-0.0792489583333334
2026-03-12,ASIANPAINT.NS,-0.8008,-0.0968,6,6,-0.9117,-0.6851,-0.3646,0.0,False,-0.4488,0.1239,-0.0109849698091272,-0.0291110217220741,mar-A,0.0102732071694841,0.0266010416666666
2026-03-12,MARUTI.NS,-0.5833,-0.4802,2,2,-0.7562,-0.566,-1.0,0.0,True,-0.5317500000000001,,-0.0322803781415724,-0.0973985431841831,mar-A,-0.011022201162961,-0.0563489583333334
2026-03-12,HCLTECH.NS,0.1964,-1.0,2,1,-0.7562,0.5012,-1.0,-1.0,True,-0.4018,0.1641,-0.0240777336521517,0.0029540426919025,mar-A,-0.0028195566735403,0.0736010416666665
2026-03-12,SUNPHARMA.NS,0.1807,-0.1239,4,4,-0.9137,0.8446,-0.5651,0.0,True,0.0284,0.1284,-0.0129842067650211,0.0228635745744605,mar-A,0.0082739702135902,0.5038010416666666
2026-03-12,TITAN.NS,-0.6194,-1.0,2,1,-0.7562,-0.602,-1.0,-1.0,True,-0.8097,-0.0115,-0.0136575322429851,-0.0340569075141538,mar-A,0.0076006447356262,-0.3342989583333334
2026-03-12,WIPRO.NS,-0.9361,-0.4599,3,3,-0.9528,-0.7562,-1.0,0.0,True,-0.698,0.0596,-0.0243444413091168,0.0349039354389755,mar-A,-0.0030862643305054,-0.2225989583333333
2026-03-12,ULTRACEMCO.NS,0.2434,0.2451,2,2,-0.7562,0.3341,-1.0,1.0,True,0.24425,0.0565,-0.042654883217603,-0.0975748697916666,mar-A,-0.0213967062389916,0.7196510416666666
2026-03-12,NESTLEIND.NS,-0.7562,-1.0,1,1,-0.7562,-0.7562,-1.0,-1.0,True,-0.8781,,-0.0152359902623732,-0.0240626548872574,mar-A,0.0060221867162381,-0.4026989583333334
2026-03-12,ONGC.NS,-0.8892,-1.0,2,2,-0.9181,-0.7562,-1.0,-1.0,True,-0.9446,,-0.0238402586600329,-0.0209879434863275,mar-A,-0.0025820816814215,-0.4691989583333334
2026-03-12,NTPC.NS,0.6764,-1.0,2,1,-0.7562,0.791,-1.0,-1.0,True,-0.1618,0.1583,-0.0156189368239619,0.0330644105372788,mar-A,0.0056392401546494,0.3136010416666666
2026-03-12,POWERGRID.NS,0.8511,-0.217,2,2,-0.7562,0.8993,-1.0,0.0,True,0.31705,0.1341,-0.0087285699710455,0.0138587200778446,mar-A,0.0125296070075658,0.7924510416666666
2026-03-12,M&M.NS,-0.7562,-1.0,1,1,-0.7562,-0.7562,-1.0,-1.0,True,-0.8781,0.0797,-0.0330231773317778,-0.0946236704982452,mar-A,-0.0117650003531664,-0.4026989583333334
2026-03-12,TATASTEEL.NS,-0.8117,-0.2317,3,3,-0.9512,-0.5967,-1.0,0.0,True,-0.5216999999999999,0.1334,-0.051480908234144,-0.0353991426013102,mar-A,-0.0302227312555326,-0.0462989583333333
2026-03-12,JSWSTEEL.NS,-0.7562,-1.0,1,1,-0.7562,-0.7562,-1.0,-1.0,True,-0.8781,,-0.0454544839395711,-0.0604919489438781,mar-A,-0.0241963069609597,-0.4026989583333334
2026-03-12,ADANIENT.NS,-0.7562,-1.0,1,1,-0.7562,-0.7562,-1.0,-1.0,True,-0.8781,0.0038,-0.0204295673033224,-0.0417385131464298,mar-A,0.0008286096752889,-0.4026989583333334
2026-03-12,ADANIPORTS.NS,0.191,-0.42,6,5,-0.6934,0.7209,-0.849,0.0,False,-0.1144999999999999,0.0586,-0.0203377965996577,-0.0719002642526359,mar-A,0.0009203803789536,0.3609010416666666
2026-03-12,COALINDIA.NS,0.8574,-0.5696,3,3,-0.7562,0.9013,-1.0,0.0,True,0.1439,,-0.0065943545272642,0.0460614430088295,mar-A,0.0146638224513471,0.6193010416666667
2026-03-12,BAJAJFINSV.NS,-0.7562,-1.0,1,1,-0.7562,-0.7562,-1.0,-1.0,True,-0.8781,0.0319,-0.0185227286670967,-0.0737524826858482,mar-A,0.0027354483115146,-0.4026989583333334
2026-03-12,GRASIM.NS,-0.769,-1.0,3,3,-0.8968,-0.6901,-1.0,-1.0,True,-0.8845000000000001,0.2157,-0.0390931862565209,-0.0187217789991928,mar-A,-0.0178350092779095,-0.4090989583333335
2026-03-12,HINDALCO.NS,0.7745,-1.0,3,3,-0.7562,0.9172,-1.0,-1.0,True,-0.11275,0.1097,-0.0615622709018109,0.01549818064169,mar-A,-0.0403040939231996,0.3626510416666665
2026-03-12,DRREDDY.NS,-0.7562,-1.0,1,1,-0.7562,-0.7562,-1.0,-1.0,True,-0.8781,0.0145,-0.0202425710173427,0.0041872858774267,mar-A,0.0010156059612686,-0.4026989583333334
2026-03-12,CIPLA.NS,-0.9022,-0.3254,3,2,-0.936,-0.7562,-1.0,0.0,True,-0.6138,0.0751,-0.007249180881545,-0.0015832041942324,mar-A,0.0140089960970663,-0.1383989583333334
2026-03-12,BRITANNIA.NS,-0.8785,-0.3254,3,2,-0.9603,-0.7548,-1.0,0.0,True,-0.60195,0.0489,0.0037152237774322,-0.0295153446251886,mar-A,0.0249734007560436,-0.1265489583333334
2026-03-12,EICHERMOT.NS,0.8067,-0.2667,2,2,-0.7562,0.8918,-1.0,0.0,True,0.27,0.1708,-0.0336176618163572,-0.1005157962604771,mar-A,-0.0123594848377458,0.7454010416666665
2026-03-12,HEROMOTOCO.NS,-0.032,-1.0,3,2,-0.9465,0.9097,-1.0,-1.0,True,-0.516,0.1458,-0.0349429974974511,-0.0347141451194417,mar-A,-0.0136848205188397,-0.0405989583333334
2026-03-12,BAJAJ-AUTO.NS,-0.7562,-1.0,1,1,-0.7562,-0.7562,-1.0,-1.0,True,-0.8781,0.1963,-0.0313249930877463,-0.0655311926416467,mar-A,-0.0100668161091349,-0.4026989583333334
2026-03-12,DIVISLAB.NS,0.1824,-0.229,3,2,-0.9338,0.9155,-1.0,0.0,True,-0.0233,0.1509,-0.033588029290035,-0.0129625265142587,mar-A,-0.0123298523114236,0.4521010416666666
2026-03-12,TECHM.NS,0.8557,0.2046,3,3,-0.7562,0.9075,-1.0,1.0,True,0.53015,0.1277,-0.0125944579826909,0.0123753089295259,mar-A,0.0086637189959204,1.0055510416666666
2026-03-12,INDUSINDBK.NS,-0.7562,0.0397,1,2,-0.7562,-0.7562,-1.0,1.0,True,-0.35825,0.1017,-0.0203884665539667,-0.1129428459692668,mar-A,0.0008697104246446,0.1171510416666665
2026-03-12,APOLLOHOSP.NS,-0.7562,-1.0,1,1,-0.7562,-0.7562,-1.0,-1.0,True,-0.8781,0.0622,-0.0032345369331309,-0.0257877813504823,mar-A,0.0180236400454804,-0.4026989583333334
2026-03-12,TATACONSUM.NS,-0.9516,-0.217,2,2,-0.9575,-0.7562,-1.0,0.0,True,-0.5843,0.0575,0.0243901019796948,-0.0547760447329723,mar-A,0.0456482789583062,-0.1088989583333334
2026-03-12,SBILIFE.NS,0.4333,-1.0,2,1,-0.7562,0.814,-1.0,-1.0,True,-0.28335,0.1543,-0.0180468183765102,-0.0014930249977358,mar-A,0.0032113586021011,0.1920510416666666
2026-03-12,HDFCLIFE.NS,-0.9136,-0.3104,3,2,-0.9625,-0.7562,-1.0,0.0,True,-0.612,0.0626,-0.0308967054929257,-0.0564079782286629,mar-A,-0.0096385285143143,-0.1365989583333334
2026-03-12,SHRIRAMFIN.NS,-0.1691,-0.6154,2,2,-0.7562,0.0993,-1.0,0.0,True,-0.39225,0.0474,-0.0272365774118915,-0.0075036544763107,mar-A,-0.0059784004332801,0.0831510416666665
2026-03-12,BPCL.NS,-0.1699,0.0926,6,5,-0.7914,0.5712,-0.4548,0.7539,False,-0.03865,,-0.0216026296267654,-0.0943527110423664,mar-A,-0.000344452648154,0.4367510416666665
2026-03-28,RELIANCE.NS,-0.6236,-0.1999,5,5,-0.958,0.123,-0.6733,0.0,False,-0.41175,0.076,-0.0031154912270375,-0.0265020449745626,mar-B,0.0161565386966544,-0.3538885416666666
2026-03-28,TCS.NS,0.2357,-0.6721,7,7,-0.8041,0.8344,-0.9444,-0.2322,False,-0.2182,0.1184,-0.0129300311710731,0.0143463781783557,mar-B,0.0063419987526188,-0.1603385416666667
2026-03-28,HDFCBANK.NS,-0.8864,-0.4427,7,6,-0.9505,-0.6249,-0.9451,-0.0528,False,-0.66455,0.0327,-0.0325972321295097,-0.0526183974572733,mar-B,-0.0133252022058177,-0.6066885416666666
2026-03-28,INFY.NS,0.8374,-0.073,6,5,0.7242,0.9146,-0.3352,0.0,False,0.3822,0.0433,-0.0150429178858411,0.040055605458676,mar-B,0.0042291120378508,0.4400614583333334
2026-03-28,ICICIBANK.NS,-0.7546,-0.217,3,2,-0.952,0.5208,-1.0,0.0,True,-0.4858,0.0472,-0.0226130842194099,-0.013038898549032,mar-B,-0.003341054295718,-0.4279385416666666
2026-03-28,HINDUNILVR.NS,-0.2621,0.3632,2,4,-0.8302,0.5208,-0.4105,1.0,True,0.05055,0.1383,-0.0092556496484978,-0.0013961859192512,mar-B,0.010016380275194,0.1084114583333333
2026-03-28,ITC.NS,-0.3816,0.6486,4,4,-0.9543,0.806,-0.5381,1.0,True,0.1334999999999999,,-0.0237529926198531,-0.0110737635142499,mar-B,-0.0044809626961612,0.1913614583333333
2026-03-28,SBIN.NS,0.8229,-0.2151,2,3,0.5208,0.9143,-1.0,0.0,True,0.3038999999999999,0.1393,-0.0393329683429226,-0.0280293737927923,mar-B,-0.0200609384192306,0.3617614583333333
2026-03-28,BHARTIARTL.NS,0.8006,0.0469,3,3,0.5208,0.8692,-1.0,1.0,True,0.4237499999999999,0.0469,-0.0333532182795772,0.0092501501992678,mar-B,-0.0140811883558852,0.4816114583333333
2026-03-28,KOTAKBANK.NS,0.1564,-0.1251,4,3,-0.747,0.8559,-1.0,0.0,True,0.01565,0.1185,-0.034821794927039,-0.0054325683367044,mar-B,-0.015549765003347,0.0735114583333333
2026-03-28,LT.NS,0.2992,0.0913,6,5,-0.5364,0.8786,-0.2849,0.4989,False,0.19525,0.0456,-0.0168345582701774,0.03773476153592,mar-B,0.0024374716535145,0.2531114583333333
2026-03-28,AXISBANK.NS,-0.4013,-1.0,2,1,-0.9633,0.5208,-1.0,-1.0,True,-0.70065,0.0365,-0.0364254099919801,-0.0014913411997721,mar-B,-0.0171533800682882,-0.6427885416666667
2026-03-28,BAJFINANCE.NS,-0.8399,-0.0659,5,5,-0.9327,-0.6013,-0.303,0.0,False,-0.4528999999999999,0.0207,-0.0500711076217345,0.0139389274402601,mar-B,-0.0307990776980425,-0.3950385416666666
2026-03-28,ASIANPAINT.NS,0.0819,-0.3455,3,2,-0.6786,0.7864,-1.0,0.0,True,-0.1317999999999999,0.0969,-0.0191175760209939,0.0097895185911294,mar-B,0.000154453902698,-0.0739385416666666
2026-03-28,MARUTI.NS,0.857,-0.1367,4,3,0.6987,0.9186,-1.0,0.0,True,0.3601499999999999,,-0.0066994914843813,-0.0166679895229779,mar-B,0.0125725384393106,0.4180114583333333
2026-03-28,HCLTECH.NS,0.2242,-1.0,4,3,-0.7009,0.8078,-1.0,-1.0,True,-0.3879,0.1282,-0.016710647814451,0.040097511521524,mar-B,0.0025613821092408,-0.3300385416666667
2026-03-28,SUNPHARMA.NS,0.5639,-0.4118,2,2,0.5208,0.5725,-1.0,0.0,True,0.0760499999999999,0.1004,-0.0202943939058491,0.0282045118569642,mar-B,-0.0010223639821572,0.1339114583333333
2026-03-28,TITAN.NS,0.0639,0.0659,5,4,-0.6974,0.8168,-0.5796,0.6632,True,0.0649,-0.009,-0.007559989364875,-0.0139676326079835,mar-B,0.0117120405588169,0.1227614583333333
2026-03-28,WIPRO.NS,0.6962,-0.4152,3,3,-0.9601,0.8711,-1.0,0.0,True,0.1405,0.0466,-0.0206680928377827,0.0169311733952679,mar-B,-0.0013960629140907,0.1983614583333333
2026-03-28,ULTRACEMCO.NS,0.7711,0.3792,3,2,0.5208,0.8129,-1.0,1.0,True,0.57515,0.0442,-0.027513802154041,0.0217310893286479,mar-B,-0.0082417722303491,0.6330114583333334
2026-03-28,NESTLEIND.NS,0.5208,-1.0,1,1,0.5208,0.5208,-1.0,-1.0,True,-0.2395999999999999,,-0.0154206361856442,0.0058163213856106,mar-B,0.0038513937380477,-0.1817385416666666
2026-03-28,ONGC.NS,0.8521,0.1307,5,4,0.7511,0.8862,-0.3865,0.7417,True,0.4914,,0.0095761006297476,0.0477517867412182,mar-B,0.0288481305534396,0.5492614583333333
2026-03-28,NTPC.NS,0.5208,-1.0,1,1,0.5208,0.5208,-1.0,-1.0,True,-0.2395999999999999,0.1237,-0.0133102624284291,0.004277519464594,mar-B,0.0059617674952628,-0.1817385416666666
2026-03-28,POWERGRID.NS,0.3605,-0.2216,5,3,-0.5353,0.8716,-1.0,0.0,True,0.06945,0.1048,0.0020304775076671,-0.0040445303594861,mar-B,0.0213025074313591,0.1273114583333333
2026-03-28,M&M.NS,0.758,-0.3455,2,2,0.5208,0.8263,-1.0,0.0,True,0.20625,0.0623,-0.0284746970919947,-0.0013462447123839,mar-B,-0.0092026671683028,0.2641114583333333
2026-03-28,TATASTEEL.NS,0.5208,-1.0,1,1,0.5208,0.5208,-1.0,-1.0,True,-0.2395999999999999,0.1043,-0.0070386078051589,0.014224982700461,mar-B,0.012233422118533,-0.1817385416666666
2026-03-28,JSWSTEEL.NS,-0.2388,-0.2895,3,5,-0.9096,0.8755,-0.9112,0.5426,True,-0.26415,,-0.0069008656915585,-0.0005305292890486,mar-B,0.0123711642321334,-0.2062885416666666
2026-03-28,ADANIENT.NS,-0.7243,-0.217,2,2,-0.9126,0.5208,-1.0,0.0,True,-0.47065,0.003,-0.0352166514306432,-0.0587567133851539,mar-B,-0.0159446215069512,-0.4127885416666667
2026-03-28,ADANIPORTS.NS,0.5208,-1.0,1,1,0.5208,0.5208,-1.0,-1.0,True,-0.2395999999999999,0.0458,-0.0188369841656003,-0.0134217667340189,mar-B,0.0004350457580916,-0.1817385416666666
2026-03-28,COALINDIA.NS,-0.703,-1.0,2,2,-0.9145,0.5208,-1.0,-1.0,True,-0.8514999999999999,,0.012133523339348,-0.0201453636462954,mar-B,0.03140555326304,-0.7936385416666666
2026-03-28,BAJAJFINSV.NS,0.5454,-0.1269,3,3,-0.9546,0.9228,-1.0,0.0,True,0.20925,0.0249,-0.0371156571405192,-0.011779155026305,mar-B,-0.0178436272168272,0.2671114583333333
2026-03-28,GRASIM.NS,0.5208,-0.4616,1,2,0.5208,0.5208,-1.0,0.0,True,0.0296,0.1686,-0.0268244430826373,0.0077840598137532,mar-B,-0.0075524131589453,0.0874614583333333
2026-03-28,HINDALCO.NS,0.7192,0.3518,2,3,0.5208,0.8392,-1.0,1.0,True,0.5355,0.0857,0.0204799812507214,-0.0338330929144854,mar-B,0.0397520111744134,0.5933614583333333
2026-03-28,DRREDDY.NS,0.0213,-0.5572,3,3,-0.8873,0.8501,-1.0,0.0,True,-0.26795,0.0113,-0.0209096729178377,0.0056492359135935,mar-B,-0.0016376429941457,-0.2100885416666667
2026-03-28,CIPLA.NS,-0.7442,-0.4224,3,4,-0.956,0.5208,-1.0,0.0,True,-0.5832999999999999,0.0587,-0.0145698406737964,0.002501696798723,mar-B,0.0047021892498955,-0.5254385416666666
2026-03-28,BRITANNIA.NS,0.5208,-1.0,1,1,0.5208,0.5208,-1.0,-1.0,True,-0.2395999999999999,0.0382,-0.014,-0.0305807702476424,mar-B,0.0052720299236919,-0.1817385416666666
2026-03-28,EICHERMOT.NS,0.7511,-0.2815,2,2,0.5208,0.8616,-1.0,0.0,True,0.2348,0.1335,-0.0331057769947882,0.0027233917267774,mar-B,-0.0138337470710962,0.2926614583333333
2026-03-28,HEROMOTOCO.NS,0.7843,-0.2815,2,2,0.5208,0.9108,-1.0,0.0,True,0.2514,0.1139,-0.0155551234687925,-0.005703238279362,mar-B,0.0037169064548994,0.3092614583333333
2026-03-28,BAJAJ-AUTO.NS,-0.4123,-0.6308,2,3,-0.5989,0.5208,-1.0,0.0,True,-0.52155,0.1534,-0.0134253717485871,0.0036646401973889,mar-B,0.0058466581751048,-0.4636885416666666
2026-03-28,DIVISLAB.NS,0.5208,-1.0,1,1,0.5208,0.5208,-1.0,-1.0,True,-0.2395999999999999,0.118,-0.008420175072947,0.0041858518208455,mar-B,0.0108518548507449,-0.1817385416666666
2026-03-28,TECHM.NS,0.759,-0.1084,4,4,0.3236,0.8738,-0.5404,0.0,True,0.3253,0.0998,-0.0054613220172969,0.0380426681551364,mar-B,0.0138107079063949,0.3831614583333333
2026-03-28,INDUSINDBK.NS,-0.8612,0.6529,2,2,-0.9441,0.5208,-1.0,1.0,True,-0.1041499999999999,0.0795,-0.0505961468722052,-0.0290946960126912,mar-B,-0.0313241169485132,-0.0462885416666666
2026-03-28,APOLLOHOSP.NS,0.8033,-1.0,2,1,0.5208,0.8717,-1.0,-1.0,True,-0.0983499999999999,0.0486,-0.017220823950192,0.040954219525648,mar-B,0.0020512059734998,-0.0404885416666666
2026-03-28,TATACONSUM.NS,0.4551,-0.0964,2,3,0.4341,0.5208,-1.0,1.0,True,0.17935,0.045,-0.0321411555524664,0.0037335186206308,mar-B,-0.0128691256287744,0.2372114583333333
2026-03-28,SBILIFE.NS,0.5633,-0.2525,2,3,0.5208,0.5718,-1.0,0.0,True,0.1554,0.1206,-0.0328145012837112,-0.0344175297358372,mar-B,-0.0135424713600192,0.2132614583333333
2026-03-28,HDFCLIFE.NS,0.5208,-1.0,1,1,0.5208,0.5208,-1.0,-1.0,True,-0.2395999999999999,0.0489,-0.0321207234161857,-0.0367797538714894,mar-B,-0.0128486934924937,-0.1817385416666666
2026-03-28,SHRIRAMFIN.NS,-0.0326,-0.1105,4,4,-0.5389,0.7866,-0.5455,0.0,True,-0.07155,0.0371,-0.0350741454250745,-0.0484312493063822,mar-B,-0.0158021155013826,-0.0136885416666666
2026-03-28,BPCL.NS,0.234,0.1206,8,7,-0.4108,0.6439,-0.1587,0.4683,False,0.1773,,-0.006013484731604,-0.011538418856534,mar-B,0.0132585451920879,0.2351614583333333
2026-04-12,RELIANCE.NS,-0.3679,-0.1451,9,8,-0.7726,0.4712,-0.6438,0.411,False,-0.2565,0.1217,-0.0045178294908788,-0.0002221136777076,apr-A,-0.0134137076100728,-0.3820479166666667
2026-04-12,TCS.NS,-0.014,0.445,16,14,-0.5892,0.5916,0.1021,0.7871,False,0.2155,0.3837,0.0121220866457658,0.030032267474412,apr-A,0.0032262085265719,0.0899520833333333
2026-04-12,HDFCBANK.NS,0.5809,0.01,9,9,-0.0961,0.8622,-0.4985,0.5028,False,0.29545,,-0.0004936465688117,0.0791050599475682,apr-A,-0.0093895246880057,0.1699020833333333
2026-04-12,INFY.NS,-0.4988,0.0108,7,6,-0.8788,0.6703,-0.5507,0.6206,False,-0.244,-0.0131,0.0099033258933998,-0.0063807434504717,apr-A,0.0010074477742058,-0.3695479166666667
2026-04-12,ICICIBANK.NS,0.3072,0.0149,6,5,-0.5149,0.8579,-0.7463,0.7402,False,0.16105,0.087,0.0198199188198731,0.0872676191189532,apr-A,0.0109240407006791,0.0355020833333333
2026-04-12,HINDUNILVR.NS,0.3072,0.0149,6,5,-0.3913,0.8556,-0.7276,0.7537,False,0.16105,0.1098,0.0010671435361837,0.0435772491505099,apr-A,-0.0078287345830102,0.0355020833333333
2026-04-12,ITC.NS,0.6469,0.011,7,6,-0.156,0.8812,-0.5694,0.5578,False,0.32895,,-0.007230923516637,0.0389277526268749,apr-A,-0.0161268016358309,0.2034020833333333
2026-04-12,SBIN.NS,-0.0338,-0.2114,8,7,-0.7651,0.8009,-0.7709,0.3853,False,-0.1226,0.1106,0.0044998156386213,0.047427293474358,apr-A,-0.0043960624805726,-0.2481479166666667
2026-04-12,BHARTIARTL.NS,-0.3032,-0.0558,8,7,-0.7743,0.4962,-0.7163,0.6689,False,-0.1795,0.0372,-0.0076470849348262,0.0448678834547351,apr-A,-0.0165429630540202,-0.3050479166666667
2026-04-12,KOTAKBANK.NS,-0.1542,-0.161,9,7,-0.7602,0.5917,-0.7139,0.4103,False,-0.1576,,0.0209585004922085,0.0462290161814769,apr-A,0.0120626223730146,-0.2831479166666667
2026-04-12,LT.NS,0.3416,0.008,11,9,-0.2598,0.8065,-0.3857,0.4072,False,0.1748,,0.0293947689757327,0.0959839471695995,apr-A,0.0204988908565388,0.0492520833333333
2026-04-12,AXISBANK.NS,0.6393,0.011,7,6,-0.1809,0.8721,-0.5477,0.5576,False,0.32515,0.0968,0.003479383329866,0.127640054510268,apr-A,-0.0054164947893278,0.1996020833333333
2026-04-12,BAJFINANCE.NS,0.3072,0.0149,6,5,-0.3765,0.852,-0.6592,0.7537,False,0.16105,0.0164,-0.0123302834129278,0.118159297444252,apr-A,-0.0212261615321218,0.0355020833333333
2026-04-12,ASIANPAINT.NS,0.686,0.0598,10,10,0.161,0.848,-0.5043,0.5265,False,0.3729,0.0769,0.0264328402628888,0.0883816949688276,apr-A,0.0175369621436948,0.2473520833333333
2026-04-12,MARUTI.NS,0.0602,0.0109,8,7,-0.4903,0.7584,-0.5196,0.5771,False,0.03555,0.2223,-0.0306368079363921,0.0853455783390071,apr-A,-0.039532686055586,-0.0899979166666666
2026-04-12,HCLTECH.NS,0.3072,0.0149,6,5,-0.4141,0.8578,-0.7626,0.7537,False,0.16105,,6.892468152552844e-05,0.034945136823677,apr-A,-0.0088269534376684,0.0355020833333333
2026-04-12,SUNPHARMA.NS,-0.5674,0.0106,7,6,-0.8913,0.6802,-0.5494,0.5533,False,-0.2784,0.0797,0.0251978672769912,-0.0228507036665998,apr-A,0.0163019891577972,-0.4039479166666666
2026-04-12,TITAN.NS,0.7651,0.0069,12,9,0.4707,0.8754,-0.3129,0.375,False,0.386,-0.0071,0.0038180233768034,0.0995313348744961,apr-A,-0.0050778547423904,0.2604520833333333
2026-04-12,WIPRO.NS,-0.2043,-0.2265,9,7,-0.8024,0.7293,-0.7607,0.4708,False,-0.2154,-0.0788,0.0237699873151264,0.0511518189594148,apr-A,0.0148741091959325,-0.3409479166666667
2026-04-12,ULTRACEMCO.NS,0.3867,0.0132,7,6,-0.215,0.7011,-0.6646,0.5388,False,0.19995,,0.0169125895245492,0.0912429378531074,apr-A,0.0080167114053552,0.0744020833333333
2026-04-12,NESTLEIND.NS,0.3072,0.0149,6,5,-0.4021,0.8545,-0.7463,0.7402,False,0.16105,,0.0058432133774908,0.0486863070786023,apr-A,-0.0030526647417031,0.0355020833333333
2026-04-12,ONGC.NS,0.3072,0.0149,6,5,-0.4184,0.8506,-0.7463,0.7402,False,0.16105,,0.0038394628394959,-0.0024373683052862,apr-A,-0.0050564152796979,0.0355020833333333
2026-04-12,NTPC.NS,0.3306,0.0086,9,7,-0.6661,0.858,-0.4644,0.4568,False,0.1696,0.0982,0.0327502628092146,0.056999861943277,apr-A,0.0238543846900207,0.0440520833333333
2026-04-12,POWERGRID.NS,0.3072,0.0149,6,5,-0.414,0.8545,-0.7276,0.7537,False,0.16105,0.0832,0.0320396769844137,0.0441454983758691,apr-A,0.0231437988652198,0.0355020833333333
2026-04-12,M&M.NS,0.421,0.0125,7,6,-0.272,0.8738,-0.6245,0.6338,False,0.21675,0.0495,-0.0010123470086182,0.0823787567415912,apr-A,-0.0099082251278122,0.0912020833333333
2026-04-12,TATASTEEL.NS,0.7087,0.1255,10,8,0.3465,0.8705,-0.3667,0.5957,False,0.4171,0.0828,0.0102124137743893,0.0642320108159153,apr-A,0.0013165356551953,0.2915520833333334
2026-04-12,JSWSTEEL.NS,0.3072,0.0149,6,5,-0.392,0.8545,-0.7463,0.7537,False,0.16105,,0.0031280265105999,0.0644002425790386,apr-A,-0.005767851608594,0.0355020833333333
2026-04-12,ADANIENT.NS,-0.0622,0.0088,8,7,-0.7956,0.8363,-0.4417,0.4643,False,-0.0266999999999999,-0.1133,0.0276020507711343,0.1377167572039006,apr-A,0.0187061726519403,-0.1522479166666666
2026-04-12,ADANIPORTS.NS,0.3072,0.0149,6,5,-0.4336,0.8532,-0.7463,0.7537,False,0.16105,0.0364,0.0247407194570274,0.0709204901219859,apr-A,0.0158448413378335,0.0355020833333333
2026-04-12,COALINDIA.NS,-0.5571,-0.2803,7,6,-0.8841,0.6702,-0.8427,0.528,False,-0.4187,,0.0039161061173718,-0.033937909853921,apr-A,-0.0049797720018221,-0.5442479166666667
2026-04-12,BAJAJFINSV.NS,0.3072,0.0149,6,5,-0.4024,0.8545,-0.7463,0.7537,False,0.16105,0.0198,0.0091753803362075,0.1027000701009641,apr-A,0.0002795022170136,0.0355020833333333
2026-04-12,GRASIM.NS,0.3072,0.0149,6,5,-0.3769,0.8545,-0.7467,0.7065,False,0.16105,0.1338,-0.0004376122182471,0.0696150669637118,apr-A,-0.009333490337441,0.0355020833333333
2026-04-12,HINDALCO.NS,0.7267,0.2089,9,7,0.242,0.8953,-0.4005,0.7104,False,0.4678,0.068,0.0195041196424439,0.0827830565740108,apr-A,0.0106082415232499,0.3422520833333333
2026-04-12,DRREDDY.NS,0.5492,0.0149,7,5,-0.1955,0.8789,-0.7276,0.7537,False,0.28205,,-0.0116863357526146,0.0122401230149411,apr-A,-0.0205822138718086,0.1565020833333333
2026-04-12,CIPLA.NS,0.0627,0.0122,7,6,-0.626,0.6718,-0.6101,0.6196,False,0.03745,,-0.0020333817342992,0.0311136733360868,apr-A,-0.0109292598534931,-0.0880979166666666
2026-04-12,BRITANNIA.NS,0.4393,0.0149,7,5,-0.2333,0.8283,-0.7463,0.7537,False,0.2271,0.0303,0.0174538911381016,0.02122381477398,apr-A,0.0085580130189077,0.1015520833333333
2026-04-12,EICHERMOT.NS,0.3869,0.0663,10,9,-0.3342,0.8194,-0.3572,0.4751,False,0.2266,0.1059,-0.0398706896551723,0.1164749229265358,apr-A,-0.0487665677743663,0.1010520833333333
2026-04-12,HEROMOTOCO.NS,-0.0196,0.2027,7,6,-0.6874,0.6899,-0.5239,0.8083,False,0.0915499999999999,0.0904,-0.0327449007591694,0.0907911802853436,apr-A,-0.0416407788783634,-0.0339979166666666
2026-04-12,BAJAJ-AUTO.NS,0.7598,0.0085,9,7,0.3291,0.8853,-0.4166,0.4913,False,0.38415,0.1218,0.0052478595425591,0.1204544971436765,apr-A,-0.0036480185766348,0.2586020833333333
2026-04-12,DIVISLAB.NS,-0.0203,-0.0918,7,7,-0.6816,0.6772,-0.7046,0.4642,False,-0.05605,0.0936,0.0099730237881141,0.0443951165371809,apr-A,0.0010771456689201,-0.1815979166666667
2026-04-12,TECHM.NS,0.3072,0.0149,6,5,-0.4259,0.8443,-0.7467,0.7537,False,0.16105,0.3516,0.0302736419486564,-0.0009018722359521,apr-A,0.0213777638294624,0.0355020833333333
2026-04-12,INDUSINDBK.NS,0.3072,0.0149,6,5,-0.392,0.8545,-0.7463,0.7537,False,0.16105,0.1477,0.0110722721164471,0.0670348162177156,apr-A,0.0021763939972531,0.0355020833333333
2026-04-12,APOLLOHOSP.NS,0.3686,0.0149,7,5,-0.2152,0.7651,-0.7463,0.7537,False,0.19175,0.0386,0.0173733608467017,0.026511786812436,apr-A,0.0084774827275077,0.0662020833333333
2026-04-12,TATACONSUM.NS,0.5394,0.008,9,8,-0.2173,0.8438,-0.4171,0.4417,False,0.2737,,0.0004572052199733,0.0496160348923218,apr-A,-0.0084386728992205,0.1481520833333333
2026-04-12,SBILIFE.NS,0.3072,0.0149,6,5,-0.4421,0.859,-0.7463,0.7402,False,0.16105,0.2247,0.024854435337833,0.084103692881553,apr-A,0.015958557218639,0.0355020833333333
2026-04-12,HDFCLIFE.NS,0.3072,0.0149,6,5,-0.4427,0.8546,-0.7276,0.7402,False,0.16105,,0.0600844144520462,0.0672143666951523,apr-A,0.0511885363328523,0.0355020833333333
2026-04-12,SHRIRAMFIN.NS,0.7509,0.1942,9,8,0.3707,0.8795,-0.3185,0.647,False,0.47255,,-0.0064230804413086,0.1524787763176467,apr-A,-0.0153189585605026,0.3470020833333334
2026-04-12,BPCL.NS,-0.2624,-0.1904,11,10,-0.7509,0.4976,-0.5933,0.2379,False,-0.2264,,0.0370803603714551,0.0762179136157774,apr-A,0.0281844822522611,-0.3519479166666667
2026-04-28,RELIANCE.NS,-0.2893,0.1581,8,6,-0.9185,0.4513,-0.225,0.5676,False,-0.0656,0.0951,0.0301678406541554,0.026305974003943,apr-B,0.0274458316865286,-0.0331635416666666
2026-04-28,TCS.NS,-0.7697,-0.1135,4,4,-0.9425,-0.1473,-0.5244,0.0,True,-0.4416,0.2999,0.0119441868412011,-0.0635127549322882,apr-B,0.0092221778735743,-0.4091635416666667
2026-04-28,HDFCBANK.NS,-0.1007,-0.2687,4,2,-0.8137,0.7281,-1.0,0.0,True,-0.1847,,-0.0138649227302148,-0.0359716772217084,apr-B,-0.0165869316978416,-0.1522635416666666
2026-04-28,INFY.NS,-0.8744,-0.3477,14,9,-0.9369,-0.7802,-0.6803,-0.0429,False,-0.61105,-0.0102,0.0257791215852269,-0.1226774413445023,apr-B,0.0230571126176002,-0.5786135416666667
2026-04-28,ICICIBANK.NS,0.5384,-0.113,6,5,-0.4276,0.7846,-0.8489,0.7891,False,0.2127,0.068,-0.0221362040138834,-0.0694324565823495,apr-B,-0.0248582129815102,0.2451364583333333
2026-04-28,HINDUNILVR.NS,0.5795,-0.0795,5,6,-0.6645,0.8555,-0.3173,0.0,False,0.25,0.0858,-0.0168596175137336,-0.0091746193909786,apr-B,-0.0195816264813604,0.2824364583333333
2026-04-28,ITC.NS,-0.2199,-0.1422,4,4,-0.8819,0.6955,-0.5745,0.0,True,-0.18105,,0.0343240653150174,-0.0167930901648846,apr-B,0.0316020563473906,-0.1486135416666666
2026-04-28,SBIN.NS,-0.5364,-0.0743,6,5,-0.8513,0.6262,-0.3553,0.0,False,-0.30535,0.0864,-0.0209383440906254,-0.0184827213128863,apr-B,-0.0236603530582522,-0.2729135416666666
2026-04-28,BHARTIARTL.NS,0.604,0.1266,6,5,-0.3565,0.8753,-0.3034,0.585,False,0.3652999999999999,0.0291,0.0233214008359148,-0.0060377095266171,apr-B,0.020599391868288,0.3977364583333333
2026-04-28,KOTAKBANK.NS,0.4035,-0.5142,6,5,-0.2039,0.6855,-1.0,-0.0826,False,-0.0553499999999999,,0.0141552464959491,-0.0109904010376375,apr-B,0.0114332375283223,-0.0229135416666666
2026-04-28,LT.NS,-0.1328,0.0077,6,4,-0.8407,0.6635,-1.0,0.776,True,-0.06255,,-0.0058696658931907,-0.0092505944758359,apr-B,-0.0085916748608175,-0.0301135416666666
2026-04-28,AXISBANK.NS,-0.5643,0.0839,9,6,-0.8966,0.0856,-0.2415,0.4513,False,-0.2402,0.0757,-0.0160589225538207,-0.0643826336035118,apr-B,-0.0187809315214475,-0.2077635416666667
2026-04-28,BAJFINANCE.NS,0.5443,0.274,5,4,-0.6637,0.8635,-0.5058,0.8108,True,0.40915,0.0128,0.0144534999546028,-0.0161899681175244,apr-B,0.011731490986976,0.4415864583333334
2026-04-28,ASIANPAINT.NS,-0.5553,-0.6697,8,6,-0.883,-0.0133,-1.0,-0.2199,False,-0.6125,0.0601,-0.0073500632496837,-0.0318446017667586,apr-B,-0.0100720722173105,-0.5800635416666667
2026-04-28,MARUTI.NS,0.778,0.376,7,6,0.2795,0.9074,-0.1216,0.7816,False,0.577,0.1738,0.0327334781259696,-0.0422702622390609,apr-B,0.0300114691583428,0.6094364583333333
2026-04-28,HCLTECH.NS,-0.4009,-0.1543,11,9,-0.8866,0.3849,-0.7614,0.3852,False,-0.2775999999999999,,0.0025919528310514,-0.1542483481844661,apr-B,-0.0001300561365753,-0.2451635416666666
2026-04-28,SUNPHARMA.NS,0.4486,-0.052,11,7,-0.1444,0.7619,-0.2242,0.0,False,0.1983,0.0623,0.0349110045758376,0.04930344707161,apr-B,0.0321889956082108,0.2307364583333333
2026-04-28,TITAN.NS,-0.5465,-0.1847,3,3,-0.9345,0.4059,-1.0,0.0,True,-0.3656,-0.0056,-0.0071994124264206,-0.0139965159673204,apr-B,-0.0099214213940474,-0.3331635416666666
2026-04-28,WIPRO.NS,-0.6772,-0.3277,5,5,-0.935,-0.138,-0.7877,0.0,False,-0.5024500000000001,-0.0616,-0.0046135922518234,-0.0167308558981834,apr-B,-0.0073356012194502,-0.4700135416666667
2026-04-28,ULTRACEMCO.NS,0.7493,0.6145,8,6,0.4183,0.8782,0.0397,0.9117,False,0.6819,,-0.0195481086570195,-0.0184400697732369,apr-B,-0.0222701176246462,0.7143364583333333
2026-04-28,NESTLEIND.NS,0.7371,0.2967,17,16,0.4873,0.8639,0.0697,0.5562,False,0.5169,,0.0129166497124566,0.0435538622527797,apr-B,0.0101946407448298,0.5493364583333333
2026-04-28,ONGC.NS,0.099,-0.084,8,5,-0.725,0.6979,-0.3603,0.0,False,0.0075,,-0.0058081648552952,0.0642881713072034,apr-B,-0.008530173822922,0.0399364583333333
2026-04-28,NTPC.NS,0.0242,-0.1294,5,4,-0.6637,0.6234,-0.5914,0.0,True,-0.0525999999999999,0.0767,-0.0189259237839906,0.0268803472194727,apr-B,-0.0216479327516174,-0.0201635416666666
2026-04-28,POWERGRID.NS,-0.1971,-0.1199,4,5,-0.8137,0.5394,-0.465,0.0,True,-0.1585,0.065,-0.0020375984215811,-0.0010959952930208,apr-B,-0.0047596073892079,-0.1260635416666666
2026-04-28,M&M.NS,-0.3088,-0.1594,7,6,-0.8303,0.4055,-0.6256,0.327,False,-0.2341,0.0387,0.0030439111578293,-0.0490253283583469,apr-B,0.0003219021902025,-0.2016635416666666
2026-04-28,TATASTEEL.NS,0.6595,0.182,7,4,0.0517,0.8459,-0.5244,0.759,True,0.4207499999999999,0.0647,-0.0171588403925571,0.0143389617012124,apr-B,-0.0198808493601839,0.4531864583333333
2026-04-28,JSWSTEEL.NS,-0.346,-0.1201,5,5,-0.8138,0.4697,-0.4356,0.0,False,-0.2330499999999999,,-0.0133426778337129,0.0015629884637065,apr-B,-0.0160646868013396,-0.2006135416666666
2026-04-28,ADANIENT.NS,0.1419,0.1538,5,4,-0.6637,0.6799,-0.5244,0.7332,True,0.1478499999999999,-0.0885,-0.0016581325035887,0.0837376274479704,apr-B,-0.0043801414712154,0.1802864583333333
2026-04-28,ADANIPORTS.NS,0.1432,-0.0699,6,5,-0.6612,0.5371,-0.6651,0.5089,False,0.0366499999999999,0.0284,0.012029790733816,0.0272881658054229,apr-B,0.0093077817661892,0.0690864583333333
2026-04-28,COALINDIA.NS,0.6987,0.488,9,5,0.2674,0.8519,-0.1765,0.897,False,0.59335,,0.0309422102934286,0.0538192630757132,apr-B,0.0282202013258019,0.6257864583333334
2026-04-28,BAJAJFINSV.NS,-0.5465,-0.2687,3,2,-0.9345,0.4059,-1.0,0.0,True,-0.4075999999999999,0.0154,-0.0178752382395306,-0.0391055544233213,apr-B,-0.0205972472071574,-0.3751635416666666
2026-04-28,GRASIM.NS,-0.6143,-0.1536,4,4,-0.9274,0.0664,-0.5914,0.0,True,-0.3839499999999999,0.1046,0.0041322314049587,0.0019080710376544,apr-B,0.0014102224373319,-0.3515135416666666
2026-04-28,HINDALCO.NS,0.2421,-0.0977,6,4,-0.8313,0.7702,-0.5244,0.0,True,0.0722,0.0532,-0.0337894882046426,0.0515343054430585,apr-B,-0.0365114971722694,0.1046364583333333
2026-04-28,DRREDDY.NS,-0.0647,0.1427,8,5,-0.7576,0.6611,-0.3215,0.5921,False,0.039,,-0.0234017065873363,0.1097820765854715,apr-B,-0.0261237155549631,0.0714364583333333
2026-04-28,CIPLA.NS,0.2407,0.2422,11,8,-0.4007,0.6939,-0.1127,0.5938,False,0.24145,,0.0023727357674521,0.0600406006399409,apr-B,-0.0003492732001746,0.2738864583333333
2026-04-28,BRITANNIA.NS,-0.1735,-0.1487,4,4,-0.8137,0.6444,-0.6304,0.0,True,-0.1611,0.0237,0.0113034263511127,-0.0300642398286937,apr-B,0.0085814173834859,-0.1286635416666666
2026-04-28,EICHERMOT.NS,0.0619,-0.1503,4,3,-0.8137,0.7867,-1.0,0.0,True,-0.0441999999999999,0.0828,0.0053029767376087,-0.0233409294938194,apr-B,0.0025809677699819,-0.0117635416666666
2026-04-28,HEROMOTOCO.NS,-0.7613,-0.6984,4,4,-0.9439,-0.1473,-1.0,-0.1915,True,-0.72985,0.0707,0.0061168113654301,-0.0363186917664954,apr-B,0.0033948023978033,-0.6974135416666667
2026-04-28,BAJAJ-AUTO.NS,0.5024,-0.1225,4,3,-0.8819,0.8322,-1.0,0.0,True,0.1899499999999999,0.0952,0.0524985735443608,-0.0303788211041047,apr-B,0.049776564576734,0.2223864583333333
2026-04-28,DIVISLAB.NS,-0.6627,-0.4715,5,4,-0.8655,0.2462,-1.0,0.5441,True,-0.5670999999999999,0.0732,0.0108822386319471,0.023305758829144,apr-B,0.0081602296643203,-0.5346635416666666
2026-04-28,TECHM.NS,0.2958,0.1721,7,5,-0.7014,0.8192,-0.2524,0.6714,False,0.23395,0.2748,0.0464455830892607,-0.0617671043618174,apr-B,0.0437235741216339,0.2663864583333333
2026-04-28,INDUSINDBK.NS,0.7058,0.1282,7,7,0.1758,0.8636,-0.3094,0.5627,False,0.417,0.1155,0.0344418727575326,0.0340377890564054,apr-B,0.0317198637899058,0.4494364583333333
2026-04-28,APOLLOHOSP.NS,0.0704,0.2241,4,4,-0.8137,0.7488,-0.5286,0.7837,True,0.14725,0.0302,-0.0150264413775312,0.0011621900826446,apr-B,-0.017748450345158,0.1796864583333333
2026-04-28,TATACONSUM.NS,-0.0042,-0.0048,7,7,-0.6322,0.6211,-0.2789,0.2846,False,-0.0045,,-0.0027010418994003,0.0049911785000098,apr-B,-0.0054230508670271,0.0279364583333333
2026-04-28,SBILIFE.NS,-0.3715,0.5181,11,9,-0.8925,0.3048,0.1304,0.8484,False,0.0733,0.1756,0.0059171326013121,-0.0540384641541697,apr-B,0.0031951236336853,0.1057364583333333
2026-04-28,HDFCLIFE.NS,-0.6405,0.0325,7,10,-0.9206,0.0373,-0.3255,0.4124,False,-0.304,,-0.0055070853943343,-0.0391565478053245,apr-B,-0.0082290943619611,-0.2715635416666666
2026-04-28,SHRIRAMFIN.NS,-0.146,0.1481,9,7,-0.8783,0.5864,-0.1659,0.4993,False,0.00105,,-0.016679805312418,-0.0880608863754682,apr-B,-0.0194018142800448,0.0334864583333333
2026-04-28,BPCL.NS,-0.2772,-0.1294,5,4,-0.8611,0.5411,-0.5914,0.0,True,-0.2032999999999999,,-0.0237205127310113,-0.0323848080122343,apr-B,-0.0264425216986381,-0.1708635416666666
2026-05-12,RELIANCE.NS,-0.1105,0.0069,7,6,-0.718,0.4457,-0.4918,0.4639,False,-0.0518,0.0767,-0.0202345487896474,-0.0680513765403703,may-A,-0.0330425241548251,0.1407177083333333
2026-05-12,TCS.NS,-0.8406,-0.1471,6,5,-0.877,-0.5212,-0.6592,0.0,False,-0.49385,0.2417,-0.0157805779355902,-0.0523215053760152,may-A,-0.028588553300768,-0.3013322916666666
2026-05-12,HDFCBANK.NS,-0.6909,-0.2752,5,4,-0.8392,-0.4244,-1.0,0.0,True,-0.48305,,0.0227196909086264,-0.0282920537862739,may-A,0.0099117155434487,-0.2905322916666666
2026-05-12,INFY.NS,-0.6909,-0.2752,5,4,-0.8463,-0.4244,-1.0,0.0,True,-0.48305,-0.0082,-0.0186793232641535,-0.0320854845093624,may-A,-0.0314872986293312,-0.2905322916666666
2026-05-12,ICICIBANK.NS,-0.8368,-0.397,7,6,-0.9332,-0.6383,-0.857,-0.0533,False,-0.6169,0.0548,0.0033862380121998,-0.0087908571651553,may-A,-0.0094217373529778,-0.4243822916666666
2026-05-12,HINDUNILVR.NS,0.1602,-0.105,9,8,-0.538,0.6634,-0.3327,0.0,False,0.0276,0.3064,0.0045092271360442,-0.0281000156722853,may-A,-0.0082987482291334,0.2201177083333333
2026-05-12,ITC.NS,-0.6909,-0.2752,5,4,-0.8461,-0.3776,-1.0,0.0,True,-0.48305,,0.0290987716872983,-0.0345159816864409,may-A,0.0162907963221206,-0.2905322916666666
2026-05-12,SBIN.NS,-0.4977,-0.0919,14,9,-0.8801,0.0742,-0.5655,0.4792,False,-0.2948,0.1501,0.0061171348311561,-0.0804793336026898,may-A,-0.0066908405340215,-0.1022822916666666
2026-05-12,BHARTIARTL.NS,-0.6909,-0.2752,5,4,-0.8463,-0.3776,-1.0,0.0,True,-0.48305,0.21,0.0845855939525168,-0.0272963442911395,may-A,0.0717776185873391,-0.2905322916666666
2026-05-12,KOTAKBANK.NS,-0.0467,0.41,9,7,-0.6308,0.5574,-0.1276,0.7815,False,0.1816499999999999,0.1915,0.0293882654068318,0.0125218629865544,may-A,0.0165802900416541,0.3741677083333333
2026-05-12,LT.NS,-0.4965,0.2734,13,11,-0.8862,0.013,-0.0215,0.565,False,-0.11155,0.1562,0.0136133836130172,-0.0488346157064029,may-A,0.0008054082478395,0.0809677083333333
2026-05-12,AXISBANK.NS,-0.7337,-0.2729,7,6,-0.9075,-0.4595,-0.7479,-0.0505,False,-0.5033,0.061,-0.012141835611653,0.0003175553144145,may-A,-0.0249498109768307,-0.3107822916666666
2026-05-12,BAJFINANCE.NS,0.1776,-0.054,8,7,-0.5195,0.7055,-0.352,0.208,False,0.0618,0.1662,0.0069121874758049,-0.0567493894892441,may-A,-0.0058957878893728,0.2543177083333333
2026-05-12,ASIANPAINT.NS,-0.1931,-0.1381,7,6,-0.9158,0.486,-0.4531,0.0,False,-0.1656,,0.0399522087905002,0.0310699549275472,may-A,0.0271442334253224,0.0269177083333333
2026-05-12,MARUTI.NS,0.0143,-0.2934,10,6,-0.5897,0.6084,-0.7791,0.0,False,-0.13955,0.1401,0.0037200121469784,-0.0189185163116341,may-A,-0.0090879632181992,0.0529677083333333
2026-05-12,HCLTECH.NS,-0.9221,-0.1641,8,5,-0.9501,-0.8013,-0.6375,0.0,False,-0.5431,,-0.0115203985683959,-0.04532569951418,may-A,-0.0243283739335736,-0.3505822916666666
2026-05-12,SUNPHARMA.NS,0.3632,-0.1465,8,6,-0.5597,0.7278,-0.4531,0.0,False,0.10835,0.1699,0.0176084958876252,0.0136752535566855,may-A,0.0048005205224475,0.3008677083333334
2026-05-12,TITAN.NS,0.7065,0.1443,14,11,0.4291,0.8477,-0.1239,0.454,False,0.4254,,0.0280620539683642,-0.072777584077405,may-A,0.0152540786031865,0.6179177083333334
2026-05-12,WIPRO.NS,-0.6909,-0.2752,5,4,-0.8463,-0.3776,-1.0,0.0,True,-0.48305,-0.0497,0.0022682526727229,-0.051106174379135,may-A,-0.0105397226924548,-0.2905322916666666
2026-05-12,ULTRACEMCO.NS,-0.0108,0.1836,9,6,-0.8038,0.732,-0.4084,0.6665,False,0.0864,,-0.0025182354984369,-0.0373652093956365,may-A,-0.0153262108636147,0.2789177083333333
2026-05-12,NESTLEIND.NS,0.5029,-0.1041,10,7,-0.2319,0.7794,-0.3521,0.0,False,0.1994,,-0.0259430588446908,-0.006225519649619,may-A,-0.0387510342098685,0.3919177083333334
2026-05-12,ONGC.NS,0.6275,-0.1313,9,6,0.1765,0.8066,-0.4451,0.0,False,0.2481,,0.016468611556929,0.0156923179907297,may-A,0.0036606361917513,0.4406177083333333
2026-05-12,NTPC.NS,-0.8714,-0.2752,6,4,-0.9434,-0.5284,-1.0,0.0,True,-0.5732999999999999,0.1535,0.0064934752067804,-0.0149253274314563,may-A,-0.0063145001583972,-0.3807822916666665
2026-05-12,POWERGRID.NS,-0.6909,-0.2752,5,4,-0.8392,-0.3776,-1.0,0.0,True,-0.48305,0.1855,-0.0014690881729882,-0.0411645763392244,may-A,-0.014277063538166,-0.2905322916666666
2026-05-12,M&M.NS,0.1417,-0.1864,7,5,-0.7435,0.7153,-0.6592,0.0,False,-0.02235,0.2441,-0.0166561405364452,-0.0108384353740202,may-A,-0.0294641159016229,0.1701677083333333
2026-05-12,TATASTEEL.NS,-0.6909,-0.2752,5,4,-0.8463,-0.3769,-1.0,0.0,True,-0.48305,0.1429,0.022830189843513,0.0032178681888554,may-A,0.0100222144783353,-0.2905322916666666
2026-05-12,JSWSTEEL.NS,0.1179,-0.2752,6,4,-0.8091,0.7121,-1.0,0.0,True,-0.07865,0.127,0.0211610628178111,-7.982719896881818e-05,may-A,0.0083530874526334,0.1138677083333333
2026-05-12,ADANIENT.NS,-0.4571,-0.2172,7,5,-0.8335,0.1649,-0.6592,0.0,False,-0.33715,-0.0714,0.1292200417251598,-0.0230706920592529,may-A,0.1164120663599821,-0.1446322916666666
2026-05-12,ADANIPORTS.NS,0.4314,-0.1042,11,8,-0.096,0.7613,-0.344,0.0,False,0.1636,0.0902,0.0633219123224781,-0.0213333740764836,may-A,0.0505139369573004,0.3561177083333333
2026-05-12,COALINDIA.NS,-0.3378,-0.2752,6,4,-0.8009,0.3673,-1.0,0.0,True,-0.3065,,-0.0018356022208071,-0.0202074020042545,may-A,-0.0146435775859848,-0.1139822916666666
2026-05-12,BAJAJFINSV.NS,0.2256,-0.1465,8,5,-0.7532,0.7192,-0.6592,0.1286,False,0.03955,0.0196,-0.0095713392794801,-0.0277498759808869,may-A,-0.0223793146446578,0.2320677083333333
2026-05-12,GRASIM.NS,-0.6909,-0.2752,5,4,-0.8463,-0.3776,-1.0,0.0,True,-0.48305,0.3264,0.0106097309087582,0.0109698763712344,may-A,-0.0021982444564194,-0.2905322916666666
2026-05-12,HINDALCO.NS,-0.6909,-0.2752,5,4,-0.8463,-0.3776,-1.0,0.0,True,-0.48305,0.1676,0.0250623919474386,-0.0126101520560752,may-A,0.0122544165822609,-0.2905322916666666
2026-05-12,DRREDDY.NS,-0.9191,0.1641,7,6,-0.9509,-0.6278,-0.4531,0.6404,False,-0.3775,-0.0686,0.0525196465920274,-0.0009439515559835,may-A,0.0397116712268497,-0.1849822916666666
2026-05-12,CIPLA.NS,-0.8654,-0.1551,6,5,-0.9113,-0.4279,-0.6592,0.0,False,-0.51025,0.3149,0.1081791820407971,-0.0310414063107006,may-A,0.0953712066756194,-0.3177322916666666
2026-05-12,BRITANNIA.NS,0.1142,-0.0061,15,10,-0.4341,0.5632,-0.3568,0.3296,False,0.05405,0.0129,0.0134983127109111,-0.0857828434313137,may-A,0.0006903373457334,0.2465677083333333
2026-05-12,EICHERMOT.NS,-0.1973,-0.1981,6,5,-0.8138,0.5334,-0.6592,0.0,False,-0.1977,0.2836,-0.0156469267471232,-0.0240361569540505,may-A,-0.0284549021123009,-0.0051822916666666
2026-05-12,HEROMOTOCO.NS,0.0688,0.1398,14,11,-0.4347,0.6016,-0.2648,0.5276,False,0.1043,0.1877,-0.0035415641908509,-0.0051869250342533,may-A,-0.0163495395560286,0.2968177083333333
2026-05-12,BAJAJ-AUTO.NS,0.5727,0.1911,13,10,0.0969,0.7955,-0.174,0.5754,False,0.3819,0.35,-0.0018755519691057,0.0349392863409545,may-A,-0.0146835273342834,0.5744177083333334
2026-05-12,DIVISLAB.NS,0.0346,-0.1822,6,5,-0.8009,0.682,-0.6375,0.0,False,-0.0738,0.1086,0.0175346177001807,-0.0010524733122838,may-A,0.004726642335003,0.1187177083333333
2026-05-12,TECHM.NS,-0.7576,-0.2595,7,6,-0.9199,0.2233,-0.7831,-0.0356,False,-0.5085500000000001,0.2215,-0.0160815737105649,-0.0408345467233761,may-A,-0.0288895490757426,-0.3160322916666667
2026-05-12,INDUSINDBK.NS,-0.6909,-0.2752,5,4,-0.8393,-0.3776,-1.0,0.0,True,-0.48305,0.0931,-0.0072240033020577,-0.0196003474051078,may-A,-0.0200319786672354,-0.2905322916666666
2026-05-12,APOLLOHOSP.NS,-0.6926,-0.2104,6,5,-0.8087,-0.5213,-0.6609,0.0,False,-0.4515,,0.0074789654097848,0.0322310859495624,may-A,-0.0053290099553928,-0.2589822916666666
2026-05-12,TATACONSUM.NS,0.6027,-0.0759,10,8,-0.1304,0.858,-0.2618,0.0,False,0.2634,0.1752,-0.015163606950332,0.0862591293555037,may-A,-0.0279715823155097,0.4559177083333333
2026-05-12,SBILIFE.NS,0.4072,0.0814,8,6,-0.4416,0.7077,-0.4316,0.5274,False,0.2443,0.1416,0.0166857381419764,0.0069734645193766,may-A,0.0038777627767987,0.4368177083333333
2026-05-12,HDFCLIFE.NS,0.0339,-0.1822,6,5,-0.7919,0.7019,-0.6597,0.0,False,-0.07415,,0.0114655923322781,0.012960806419934,may-A,-0.0013423830328995,0.1183677083333333
2026-05-12,SHRIRAMFIN.NS,0.0117,-0.1822,6,5,-0.7986,0.6435,-0.6592,0.0,False,-0.08525,-0.0142,0.0080068914066213,-0.0352032469385907,may-A,-0.0048010839585563,0.1072677083333333
2026-05-12,BPCL.NS,-0.6909,-0.2752,5,4,-0.8517,-0.3769,-1.0,0.0,True,-0.48305,0.0956,-0.0118116860322792,-0.0356783715125105,may-A,-0.0246196613974569,-0.2905322916666666
2026-05-28,RELIANCE.NS,-0.2058,-0.3444,12,8,-0.6831,0.5996,-0.7888,0.1253,False,-0.2751,0.0599,-0.0216956753849463,0.0006668762676009,may-B,-0.0063034942890492,-0.1573677083333333
2026-05-28,TCS.NS,-0.0718,-0.4533,10,7,-0.7426,0.5791,-0.8779,-0.1282,False,-0.26255,0.1889,-0.0110761095214738,-0.005168590316408,may-B,0.0043160715744232,-0.1448177083333333
2026-05-28,HDFCBANK.NS,-0.6038,-0.398,13,10,-0.9136,-0.0192,-0.7978,-0.0386,False,-0.5009,,-0.0185856683867804,-0.0006586547636414,may-B,-0.0031934872908833,-0.3831677083333333
2026-05-28,INFY.NS,0.5452,-0.013,10,7,-0.0787,0.8131,-0.6679,0.5942,False,0.2661,-0.0064,0.0008620911182357,-0.0180324331035828,may-B,0.0162542722141328,0.3838322916666667
2026-05-28,ICICIBANK.NS,0.7537,-0.3643,9,7,-0.2914,0.8819,-0.7057,-0.1,False,0.1947,0.0429,-0.0128073602444974,0.0240584978830211,may-B,0.0025848208513996,0.3124322916666667
2026-05-28,HINDUNILVR.NS,-0.6996,-0.5611,8,5,-0.9191,0.3664,-1.0,-0.1131,False,-0.63035,0.2395,-0.0204238803847036,0.0089031347495815,may-B,-0.0050316992888065,-0.5126177083333333
2026-05-28,ITC.NS,0.3038,-0.064,12,11,-0.3627,0.8188,-0.4239,0.2889,False,0.1199,,-0.0172975444404699,-0.0264446786416615,may-B,-0.0019053633445728,0.2376322916666667
2026-05-28,SBIN.NS,-0.0371,-0.5611,7,5,-0.6454,0.6121,-1.0,-0.1243,False,-0.2991,0.1173,-0.0035130847507651,0.0177725974813387,may-B,0.0118790963451319,-0.1813677083333333
2026-05-28,BHARTIARTL.NS,-0.0371,-0.5611,7,5,-0.6304,0.5068,-1.0,-0.1131,False,-0.2991,0.1641,-0.0125256191466782,-0.0175569388420822,may-B,0.0028665619492188,-0.1813677083333333
2026-05-28,KOTAKBANK.NS,-0.1247,0.0198,11,8,-0.7245,0.6429,-0.6233,0.5489,False,-0.05245,0.1496,-0.0115770513472563,0.0206118051141162,may-B,0.0038151297486407,0.0652822916666666
2026-05-28,LT.NS,-0.0371,-0.5611,7,5,-0.6456,0.5315,-1.0,-0.1131,False,-0.2991,0.1221,0.0071649166151945,0.040354710191492,may-B,0.0225570977110916,-0.1813677083333333
2026-05-28,AXISBANK.NS,0.6342,-0.5611,10,5,0.0347,0.8349,-1.0,-0.124,False,0.0365499999999999,0.0477,-0.0134192165689882,0.0405329328801287,may-B,0.0019729645269088,0.1542822916666666
2026-05-28,BAJFINANCE.NS,-0.498,-0.5168,9,7,-0.7637,0.0946,-0.8772,-0.1336,False,-0.5074000000000001,0.1299,-0.0245932704866465,0.0258910365976914,may-B,-0.0092010893907494,-0.3896677083333333
2026-05-28,ASIANPAINT.NS,0.4383,-0.4074,8,6,-0.4703,0.7982,-1.0,-0.0702,False,0.01545,,-0.0001122583956008,0.0281283479416429,may-B,0.0152799227002962,0.1331822916666667
2026-05-28,MARUTI.NS,0.4073,-0.3793,8,7,-0.4924,0.7875,-0.7468,0.0,False,0.0139999999999999,0.1095,-0.0177342113139779,0.0272098385857033,may-B,-0.0023420302180807,0.1317322916666666
2026-05-28,HCLTECH.NS,0.2542,-0.4425,8,6,-0.4906,0.726,-0.8452,-0.0829,False,-0.09415,,0.0159630092994282,-0.0025680535228498,may-B,0.0313551903953253,0.0235822916666666
2026-05-28,SUNPHARMA.NS,-0.17,-0.1301,12,10,-0.8505,0.7201,-0.5353,0.2103,False,-0.15005,0.1328,-0.0244537745823445,-0.0248506311989585,may-B,-0.0090615934864474,-0.0323177083333333
2026-05-28,TITAN.NS,-0.0371,-0.5611,7,5,-0.6303,0.58,-1.0,-0.1131,False,-0.2991,,-0.0152251145476757,0.0134211269321944,may-B,0.0001670665482213,-0.1813677083333333
2026-05-28,WIPRO.NS,0.6821,-0.2325,11,9,0.3395,0.8085,-0.536,-0.0375,False,0.2248,-0.0388,0.0132453524391922,0.0092119569805138,may-B,0.0286375335350893,0.3425322916666667
2026-05-28,ULTRACEMCO.NS,-0.0371,-0.4608,7,6,-0.6003,0.5387,-0.8657,-0.0927,False,-0.24895,,-0.0177089571391907,0.01873801638487,may-B,-0.0023167760432936,-0.1312177083333333
2026-05-28,NESTLEIND.NS,0.6204,-0.5611,9,5,-0.1574,0.8588,-1.0,-0.1357,False,0.0296499999999999,,-0.0042031523642731,0.0149306789904017,may-B,0.0111890287316239,0.1473822916666666
2026-05-28,ONGC.NS,-0.1474,-0.4273,10,8,-0.9162,0.8241,-0.8652,-0.0796,False,-0.28735,,-0.0315635624221192,-0.0736860498928609,may-B,-0.0161713813262221,-0.1696177083333332
2026-05-28,NTPC.NS,-0.4302,0.0529,13,9,-0.8597,0.5123,-0.4258,0.4797,False,-0.18865,0.12,-0.02825568296486,0.0240483703628469,may-B,-0.0128635018689629,-0.0709177083333333
2026-05-28,POWERGRID.NS,-0.7937,-0.1668,12,11,-0.9199,-0.3416,-0.5502,0.217,False,-0.4802499999999999,0.1449,-0.0319840289812781,0.0020030249640012,may-B,-0.016591847885381,-0.3625177083333332
2026-05-28,M&M.NS,-0.4171,-0.6644,8,6,-0.8324,0.3492,-1.0,-0.2123,False,-0.5407500000000001,0.1908,-0.0243464882183538,0.0072927065686512,may-B,-0.0089543071224567,-0.4230177083333333
2026-05-28,TATASTEEL.NS,0.4792,0.0788,10,11,-0.7803,0.8175,-0.3378,0.4692,False,0.279,0.1117,-0.031113206271632,0.0293412553090008,may-B,-0.0157210251757349,0.3967322916666667
2026-05-28,JSWSTEEL.NS,0.7234,-0.357,8,6,-0.4912,0.8807,-0.8274,-0.0494,False,0.1832,0.0992,-0.0239059403198982,0.0218528049113935,may-B,-0.0085137592240011,0.3009322916666667
2026-05-28,ADANIENT.NS,0.7187,-0.2496,11,10,0.2512,0.852,-0.7936,0.2938,False,0.23455,-0.0558,-0.012007762494356,0.102127841431773,may-B,0.003384418601541,0.3522822916666667
2026-05-28,ADANIPORTS.NS,-0.0371,-0.5611,7,5,-0.637,0.5715,-1.0,-0.1131,False,-0.2991,0.0705,-0.0109071219299552,0.0173980407901779,may-B,0.0044850591659418,-0.1813677083333333
2026-05-28,COALINDIA.NS,-0.7223,-0.1874,12,9,-0.9169,-0.2543,-0.5205,-0.0249,False,-0.45485,,-0.011121896193175,0.0061929063675369,may-B,0.004270284902722,-0.3371177083333333
2026-05-28,BAJAJFINSV.NS,-0.4544,-0.6699,8,6,-0.82,0.3686,-1.0,-0.2235,False,-0.56215,0.0153,-0.0140954067459654,0.0324734767718761,may-B,0.0012967743499316,-0.4444177083333333
2026-05-28,GRASIM.NS,0.4827,-0.0608,19,14,0.066,0.8047,-0.2789,0.1773,False,0.21095,0.2551,-0.0150158036770504,0.0049136154699636,may-B,0.0003763774188466,0.3286822916666667
2026-05-28,HINDALCO.NS,0.6148,0.2542,16,13,-0.0348,0.8732,-0.1249,0.6099,False,0.4345,0.131,-0.0200052196023461,0.0458472665379003,may-B,-0.004613038506449,0.5522322916666667
2026-05-28,DRREDDY.NS,-0.0371,-0.5611,7,5,-0.6194,0.5386,-1.0,-0.1378,False,-0.2991,-0.0536,-0.0117513267626989,0.0003792188092528,may-B,0.0036408543331981,-0.1813677083333333
2026-05-28,CIPLA.NS,-0.0371,-0.5611,7,5,-0.5969,0.5614,-1.0,-0.1243,False,-0.2991,0.2462,-0.0121279804634492,0.0116269422109673,may-B,0.0032642006324478,-0.1813677083333333
2026-05-28,BRITANNIA.NS,-0.7377,-0.3659,8,6,-0.9202,0.3549,-0.8656,-0.0624,False,-0.5518000000000001,0.0101,-0.0245525255365007,0.0004687792987061,may-B,-0.0091603444406036,-0.4340677083333333
2026-05-28,EICHERMOT.NS,0.8323,0.251,15,13,0.7152,0.8874,-0.1137,0.6021,False,0.54165,0.2217,-0.0326189513411511,0.0764654672083575,may-B,-0.017226770245254,0.6593822916666666
2026-05-28,HEROMOTOCO.NS,0.6441,-0.5611,8,5,-0.4632,0.8498,-1.0,-0.1131,False,0.0414999999999999,0.1467,-0.0338916256157635,0.0212294999496931,may-B,-0.0184994445198664,0.1592322916666667
2026-05-28,BAJAJ-AUTO.NS,-0.0371,-0.5611,7,5,-0.5921,0.5572,-1.0,-0.1131,False,-0.2991,0.2735,-0.0186236337195665,0.0132651974637696,may-B,-0.0032314526236694,-0.1813677083333333
2026-05-28,DIVISLAB.NS,0.5022,0.0997,13,11,-0.1706,0.8608,-0.3409,0.4332,False,0.30095,0.0848,-0.01919823464509,-0.0088218139399242,may-B,-0.0038060535491929,0.4186822916666667
2026-05-28,TECHM.NS,0.5183,-0.3014,10,7,-0.5735,0.8379,-0.7206,-0.0474,False,0.1084499999999999,0.1731,0.0194421883091424,0.0250704053422095,may-B,0.0348343694050395,0.2261822916666667
2026-05-28,INDUSINDBK.NS,0.5129,-0.2021,12,10,-0.139,0.834,-0.5994,0.1872,False,0.1554,0.0727,-0.0192534725325098,0.0359464138531457,may-B,-0.0038612914366127,0.2731322916666667
2026-05-28,APOLLOHOSP.NS,0.6503,-0.3199,10,7,0.1045,0.8493,-0.7321,-0.0602,False,0.1651999999999999,,-0.0116047144152311,-0.0043329120779924,may-B,0.0037874666806659,0.2829322916666666
2026-05-28,TATACONSUM.NS,-0.0371,-0.5611,7,5,-0.6059,0.5432,-1.0,-0.1129,False,-0.2991,0.137,-0.021749918398538,0.0166481429740601,may-B,-0.0063577373026409,-0.1813677083333333
2026-05-28,SBILIFE.NS,0.4237,-0.4922,9,6,-0.4565,0.8023,-0.8783,-0.1022,False,-0.03425,0.1106,-0.0184499996857401,0.0024732380910563,may-B,-0.003057818589843,0.0834822916666667
2026-05-28,HDFCLIFE.NS,-0.0371,-0.5611,7,5,-0.6189,0.5654,-1.0,-0.1038,False,-0.2991,,-0.0242782134429371,-0.0077317878797334,may-B,-0.00888603234704,-0.1813677083333333
2026-05-28,SHRIRAMFIN.NS,-0.7001,-0.6622,9,8,-0.8968,0.1809,-0.9316,-0.2646,False,-0.6811499999999999,-0.0111,-0.016663193095474,0.0529653044077957,may-B,-0.0012710119995769,-0.5634177083333333
2026-05-28,BPCL.NS,0.5966,-0.0237,16,14,0.2111,0.796,-0.2956,0.2585,False,0.28645,0.0748,-0.0294643919023445,0.036268556752246,may-B,-0.0140722108064474,0.4041822916666667
2026-06-12,RELIANCE.NS,0.0248,0.28,13,9,-0.7166,0.605,-0.0443,0.6627,False,0.1524,0.0476,0.0108275328692961,0.0015491866769945,jun-A,0.0009756878743789,0.006165625
2026-06-12,TCS.NS,-0.5419,-0.3569,16,10,-0.906,-0.1489,-0.861,0.1762,False,-0.4494,0.1499,0.00027764304773,-0.0170539822936141,jun-A,-0.0095742019471871,-0.595634375
2026-06-12,HDFCBANK.NS,0.3314,0.0566,10,6,-0.593,0.72,-0.6181,0.6793,False,0.1939999999999999,,0.006343421388081,0.0340004333698793,jun-A,-0.0035084236068361,0.0477656249999999
2026-06-12,INFY.NS,-0.7646,0.2285,9,6,-0.9308,0.0713,-0.3829,0.7225,False,-0.2680499999999999,-0.0051,0.016571121099455,-0.0475505658324356,jun-A,0.0067192761045378,-0.4142843749999999
2026-06-12,ICICIBANK.NS,0.4628,0.1974,11,7,-0.7168,0.767,-0.1115,0.5848,False,0.3301,0.034,-0.0098449230022958,0.062356449381635,jun-A,-0.019696767997213,0.183865625
2026-06-12,HINDUNILVR.NS,0.6093,0.2654,8,6,-0.6787,0.8338,-0.1962,0.7516,False,0.43735,0.1901,-0.0058557256989089,0.0222955448319011,jun-A,-0.015707570693826,0.291115625
2026-06-12,ITC.NS,-0.5368,0.2371,10,7,-0.8822,0.0217,-0.1727,0.6936,False,-0.14985,,0.009821072371188,0.0156750755437771,jun-A,-3.077262372917951e-05,-0.296084375
2026-06-12,SBIN.NS,-0.0934,0.4805,7,4,-0.7776,0.4529,-0.3774,1.0,True,0.19355,0.0931,0.0036375668122372,0.0403498125339878,jun-A,-0.0062142781826799,0.047315625
2026-06-12,BHARTIARTL.NS,0.6071,-0.0194,12,6,0.0369,0.8172,-0.7084,0.6867,False,0.29385,0.1303,0.0102606042095336,0.0135135410343487,jun-A,0.0004087592146164,0.147615625
2026-06-12,KOTAKBANK.NS,-0.0934,0.2569,7,5,-0.8028,0.5236,-0.7318,0.8418,False,0.08175,0.1188,0.006074912673414,0.0684858252746825,jun-A,-0.0037769323215031,-0.0644843749999999
2026-06-12,LT.NS,0.6202,0.0796,12,6,-0.2095,0.789,-0.5296,0.6303,False,0.3499,0.0969,0.0297581691666064,0.0243094452198813,jun-A,0.0199063241716892,0.203665625
2026-06-12,AXISBANK.NS,0.6663,0.1385,8,6,-0.6333,0.863,-0.4412,0.6071,False,0.4024,0.0378,0.0088475997699537,0.0660221620500367,jun-A,-0.0010042452249634,0.2561656249999999
2026-06-12,BAJFINANCE.NS,-0.407,0.0345,10,6,-0.8574,0.3329,-0.6319,0.6799,False,-0.1862499999999999,0.1031,0.0261352502657452,0.0324937739887578,jun-A,0.016283405270828,-0.3324843749999999
2026-06-12,ASIANPAINT.NS,0.084,0.3093,15,11,-0.5677,0.6739,0.0161,0.6229,False,0.19665,,-0.0029482216555001,0.022592803508906,jun-A,-0.0128000666504173,0.050415625
2026-06-12,MARUTI.NS,0.2852,0.3147,8,6,-0.6369,0.7104,-0.2465,0.7835,False,0.29995,0.0869,0.0328445308992966,0.0242145593869731,jun-A,0.0229926859043794,0.153715625
2026-06-12,HCLTECH.NS,-0.1886,0.2004,11,8,-0.5779,0.3846,-0.2993,0.6703,False,0.0059,,0.0087419551690826,-0.0390577444297687,jun-A,-0.0011098898258345,-0.140334375
2026-06-12,SUNPHARMA.NS,-0.5575,-0.193,9,6,-0.8968,0.1835,-0.8674,0.6799,False,-0.37525,0.1054,-0.000940394544334,0.0143081588478513,jun-A,-0.0107922395392512,-0.521484375
2026-06-12,TITAN.NS,-0.0134,0.2037,11,8,-0.657,0.7107,-0.1296,0.615,False,0.09515,,0.0237810707456977,-0.0178865292284486,jun-A,0.0139292257507806,-0.051084375
2026-06-12,WIPRO.NS,-0.4491,0.1273,15,11,-0.8454,0.054,-0.0826,0.3965,False,-0.1609,-0.0308,0.0068835655454948,-0.0918989573840017,jun-A,-0.0029682794494223,-0.3071343749999999
2026-06-12,ULTRACEMCO.NS,0.4257,0.0732,8,5,-0.6391,0.7,-0.7745,0.8414,False,0.24945,,0.0313933615183952,0.0187866568914956,jun-A,0.021541516523478,0.103215625
2026-06-12,NESTLEIND.NS,-0.0934,0.4805,7,4,-0.7816,0.5236,-0.3774,1.0,True,0.19355,,-0.0007269026935329,-0.0075746648173832,jun-A,-0.0105787476884501,0.047315625
2026-06-12,ONGC.NS,-0.3975,-0.0811,14,8,-0.836,0.4296,-0.6115,0.4477,False,-0.2393,,-0.010357445505143,-0.0700661116213704,jun-A,-0.0202092905000602,-0.385534375
2026-06-12,NTPC.NS,0.6184,0.3454,10,5,-0.1427,0.8444,-0.2495,0.8418,False,0.4819,0.0953,-0.0163887761881827,-0.0214295593275145,jun-A,-0.0262406211830999,0.3356656249999999
2026-06-12,POWERGRID.NS,0.2094,0.6574,10,5,-0.6853,0.7449,-0.1169,1.0,False,0.4334,0.115,0.0031601982185363,-0.0029756909563374,jun-A,-0.0066916467763808,0.287165625
2026-06-12,M&M.NS,0.0838,0.5144,10,6,-0.683,0.6676,-0.0946,0.8746,False,0.2991,0.1514,0.0300371847309126,0.0007893117394341,jun-A,0.0201853397359954,0.1528656249999999
2026-06-12,TATASTEEL.NS,-0.0934,0.4805,7,4,-0.8527,0.5003,-0.3774,1.0,True,0.19355,0.0887,-0.0029313748573006,-0.023357263564722,jun-A,-0.0127832198522178,0.047315625
2026-06-12,JSWSTEEL.NS,-0.0684,-0.0627,10,7,-0.8201,0.745,-0.6653,0.5445,False,-0.06555,0.0788,-0.0008477000667642,0.010591881297459,jun-A,-0.0106995450616814,-0.211784375
2026-06-12,ADANIENT.NS,0.2522,0.3454,8,5,-0.6294,0.6175,-0.2485,0.7954,False,0.2987999999999999,-0.0443,0.0071535807931126,-0.0411041096898062,jun-A,-0.0026982642018045,0.1525656249999999
2026-06-12,ADANIPORTS.NS,-0.0779,-0.0881,9,7,-0.7926,0.5199,-0.7959,0.6342,False,-0.0829999999999999,0.056,-0.0044679659533655,-0.0020060976552184,jun-A,-0.0143198109482827,-0.229234375
2026-06-12,COALINDIA.NS,0.1231,0.5993,8,5,-0.6076,0.6244,-0.117,1.0,False,0.3612,,0.0012401077631765,-0.0609781675573388,jun-A,-0.0086117372317406,0.214965625
2026-06-12,BAJAJFINSV.NS,0.2779,0.3454,8,5,-0.6572,0.6784,-0.2495,0.8414,False,0.31165,0.0121,0.0361730960091586,-0.0082785204263516,jun-A,0.0263212510142414,0.1654156249999999
2026-06-12,GRASIM.NS,0.298,0.3612,8,5,-0.6553,0.6263,-0.2625,0.8414,False,0.3296,0.2025,0.0189985509579777,0.0057648246622439,jun-A,0.0091467059630605,0.183365625
2026-06-12,HINDALCO.NS,-0.0934,0.4805,7,4,-0.7996,0.5355,-0.3774,1.0,True,0.19355,0.1039,-0.0075371489388091,-0.0649826117394193,jun-A,-0.0173889939337263,0.047315625
2026-06-12,DRREDDY.NS,-0.3354,0.3525,8,5,-0.8873,0.3493,-0.2878,0.8411,False,0.00855,-0.0426,0.0032146585443426,-0.0021905232864743,jun-A,-0.0066371864505745,-0.137684375
2026-06-12,CIPLA.NS,-0.0934,0.4805,7,4,-0.7934,0.4607,-0.3841,1.0,True,0.19355,0.1954,-0.0058298369394036,-0.0084921315916702,jun-A,-0.0156816819343208,0.047315625
2026-06-12,BRITANNIA.NS,0.4153,0.2864,10,6,-0.6168,0.7713,-0.1988,0.8211,False,0.35085,0.008,0.0065821314490368,0.008788204276926,jun-A,-0.0032697135458803,0.204615625
2026-06-12,EICHERMOT.NS,-0.0934,0.4805,7,4,-0.7816,0.5475,-0.3774,1.0,True,0.19355,0.1759,0.0427379649890591,0.0342291371994343,jun-A,0.0328861199941419,0.047315625
2026-06-12,HEROMOTOCO.NS,0.6933,0.5507,12,8,0.27,0.841,0.0705,0.8965,False,0.622,0.1164,0.0123725267270171,0.0263909198875387,jun-A,0.0025206817320999,0.4757656249999999
2026-06-12,BAJAJ-AUTO.NS,0.1002,0.1726,10,7,-0.8445,0.8395,-0.1121,0.5843,False,0.1364,0.2171,-0.0119248732982212,-0.0269773738155095,jun-A,-0.0217767182931384,-0.009834375
2026-06-12,DIVISLAB.NS,0.4376,0.4805,8,4,-0.6664,0.7802,-0.6452,1.0,True,0.4590499999999999,0.0673,-0.0044441096715878,0.0022648346670692,jun-A,-0.014295954666505,0.3128156249999999
2026-06-12,TECHM.NS,0.1831,0.3525,8,5,-0.5797,0.6701,-0.2291,0.8414,False,0.2678,0.1374,-0.0025188746913863,-0.0366026618322379,jun-A,-0.0123707196863035,0.1215656249999999
2026-06-12,INDUSINDBK.NS,-0.7434,-0.1837,14,8,-0.9138,-0.3878,-0.8165,0.5175,False,-0.4635499999999999,0.0577,0.017278069485934,0.0138704553075661,jun-A,0.0074262244910168,-0.6097843749999999
2026-06-12,APOLLOHOSP.NS,-0.2528,0.0297,14,11,-0.8293,0.6202,-0.268,0.3157,False,-0.11155,,-0.0034714050364791,0.0233006201457042,jun-A,-0.0133232500313963,-0.257784375
2026-06-12,TATACONSUM.NS,0.6869,0.2938,8,5,-0.6293,0.8684,-0.206,0.8418,False,0.4903499999999999,0.1087,-0.0002724873000068,-0.0267044589178735,jun-A,-0.010124332294924,0.3441156249999999
2026-06-12,SBILIFE.NS,-0.0934,0.4805,7,4,-0.7935,0.5101,-0.6452,1.0,True,0.19355,0.0878,0.0313599062133644,-0.0430783300003875,jun-A,0.0215080612184472,0.047315625
2026-06-12,HDFCLIFE.NS,0.0907,0.2798,9,6,-0.7823,0.5175,-0.1935,0.6799,False,0.18525,,0.0465471944093336,-0.0346775636057,jun-A,0.0366953494144164,0.039015625
2026-06-12,SHRIRAMFIN.NS,-0.0934,0.4303,7,5,-0.7776,0.5364,-0.3268,0.9141,False,0.16845,-0.0088,0.047855920857482,0.0342792427515545,jun-A,0.0380040758625648,0.022215625
2026-06-12,BPCL.NS,-0.2393,0.087,13,9,-0.7706,0.5942,-0.2656,0.4718,False,-0.07615,0.0593,0.0272862570975951,0.0249152749271717,jun-A,0.0174344121026779,-0.222384375
