ticker,quarter,quarter_end,transcript_date,finbert_sent,lm_polarity,lm_uncertainty,lm_modal,n_chunks,source,agg_earnings,t_date,qkey,surprise_finbert,surprise_agg,fwd_1,fwd_5,fwd_20
ADANIENT.NS,Q2FY25,2024-09-30,2024-10-01,0.2802,-0.0204,0,0,11,screener.in (BSE transcript),0.16,2024-10-01,"(25, 2)",-0.024399999999999977,0.024900000000000005,-0.009555559062894736,-0.0031746338514635486,-0.05780957243023588
ADANIENT.NS,Q3FY25,2024-12-31,2025-01-01,0.2586,-0.3699,0,0,14,screener.in (BSE transcript),0.0072,2025-01-01,"(25, 3)",-0.021600000000000008,-0.1528,0.0055735718953640045,-0.018981188017622164,-0.093814516975667
ADANIENT.NS,Q4FY25,2025-03-31,2025-05-01,0.2823,-0.1887,0,0,9,screener.in (BSE transcript),0.0939,2025-05-01,"(25, 4)",0.0237,0.0867,-0.01587297261415066,-0.04676787012895367,0.08515261958164566
ADANIENT.NS,Q2FY26,2025-09-30,2025-11-01,0.1436,-0.322,0,0,11,screener.in (BSE transcript),-0.0427,2025-11-01,"(26, 2)",-0.1387,-0.1366,-0.0016908421583262667,-0.07578872269002268,-0.09219004282924614
ADANIENT.NS,Q3FY26,2025-12-31,2026-02-01,0.2258,-0.3214,0,0,10,screener.in (BSE transcript),0.0069,2026-02-01,"(26, 3)",0.0822,0.049600000000000005,0.0988449209536546,0.14995398102535473,0.0697127798478312
ADANIENT.NS,Q4FY26,2026-03-31,2026-04-01,0.0904,-0.4711,0,0,12,screener.in (BSE transcript),-0.1342,2026-04-01,"(26, 4)",-0.13540000000000002,-0.1411,0.017673140307615576,0.13191132845519604,0.3243212846042749
ADANIPORTS.NS,Q2FY25,2024-09-30,2024-10-01,0.251,-0.2565,0,0,19,screener.in (BSE transcript),0.048,2024-10-01,"(25, 2)",0.018100000000000005,-0.0039000000000000007,-0.01923938899419464,-0.0246085017627361,-0.03083813323169582
ADANIPORTS.NS,Q3FY25,2024-12-31,2025-02-01,0.229,-0.403,0,0,20,screener.in (BSE transcript),-0.0238,2025-02-01,"(25, 3)",-0.021999999999999992,-0.0718,0.014760091497886485,0.06088555382686245,-0.033256531521616894
ADANIPORTS.NS,Q4FY25,2025-03-31,2025-05-01,0.2625,0.0132,0,0,22,screener.in (BSE transcript),0.1628,2025-05-01,"(25, 4)",0.0335,0.1866,0.027888502520357905,0.03585661828071429,0.1490039636159286
ADANIPORTS.NS,Q2FY26,2025-09-30,2025-11-01,0.3563,-0.0468,0,0,21,screener.in (BSE transcript),0.1951,2025-11-01,"(26, 2)",0.0938,0.032299999999999995,-0.0013089491656115282,0.0010334214461682478,0.0527730194630498
ADANIPORTS.NS,Q3FY26,2025-12-31,2026-02-01,0.2505,-0.1085,0,0,31,screener.in (BSE transcript),0.1069,2026-02-01,"(26, 3)",-0.1058,-0.0882,0.09584559757180089,0.16906526348066642,0.08456967062367737
ADANIPORTS.NS,Q4FY26,2026-03-31,2026-05-01,0.2505,-0.1085,0,0,31,screener.in (BSE transcript),0.1069,2026-05-01,"(26, 4)",0.0,0.0,0.028084629099502934,0.032373604976738024,0.06292589147431227
APOLLOHOSP.NS,Q3FY25,2024-12-31,2025-02-01,0.4929,0.0439,0,0,21,screener.in (BSE transcript),0.3133,2025-02-01,"(25, 3)",0.011699999999999988,-0.02839999999999998,0.0005013433290126379,0.005249495423669481,-0.09436200033434883
APOLLOHOSP.NS,Q1FY26,2025-06-30,2025-08-01,0.3983,0.0568,0,0,18,screener.in (BSE transcript),0.2617,2025-08-01,"(26, 1)",-0.09460000000000002,-0.051600000000000035,-0.010152919275311256,-0.03871667515336219,0.04167274489136652
APOLLOHOSP.NS,Q2FY26,2025-09-30,2025-11-01,0.2914,-0.0693,0,0,20,screener.in (BSE transcript),0.1471,2025-11-01,"(26, 2)",-0.1069,-0.11459999999999998,0.01947882643991039,-0.022605889002863422,-0.05048857834224585
APOLLOHOSP.NS,Q3FY26,2025-12-31,2026-02-01,0.2743,-0.1278,0,0,21,screener.in (BSE transcript),0.1135,2026-02-01,"(26, 3)",-0.017100000000000004,-0.033600000000000005,0.022415031443598687,0.04107017369710686,0.1035600602665836
ASIANPAINT.NS,Q2FY25,2024-09-30,2024-11-01,0.103,0.0044,0,0,25,screener.in (BSE transcript),0.0636,2024-11-01,"(25, 2)",-0.16260000000000002,-0.1176,-0.02266930850268234,-0.134058024309758,-0.1617071514532753
ASIANPAINT.NS,Q3FY25,2024-12-31,2025-02-01,0.1773,0.0466,0,0,24,screener.in (BSE transcript),0.125,2025-02-01,"(25, 3)",0.07430000000000002,0.061399999999999996,-0.01977760190294775,-0.03406833127770803,-0.08383121877299227
ASIANPAINT.NS,Q4FY25,2025-03-31,2025-05-01,0.1024,0.0,0,0,32,screener.in (BSE transcript),0.0614,2025-05-01,"(25, 4)",-0.07490000000000001,-0.06359999999999999,-0.0007835701599970823,-0.0735670746762207,-0.052989826510102644
ASIANPAINT.NS,Q1FY26,2025-06-30,2025-08-01,0.1021,0.1268,0,0,18,screener.in (BSE transcript),0.112,2025-08-01,"(26, 1)",-0.0003000000000000086,0.0506,0.007653951585976371,0.008472501940962607,0.035527225729611756
ASIANPAINT.NS,Q2FY26,2025-09-30,2025-11-01,0.329,0.2432,0,0,21,screener.in (BSE transcript),0.2947,2025-11-01,"(26, 2)",0.22690000000000002,0.18270000000000003,0.005528447850618345,0.06177388044499632,0.15033830381419122
ASIANPAINT.NS,Q3FY26,2025-12-31,2026-02-01,0.3141,0.0939,0,0,22,screener.in (BSE transcript),0.226,2026-02-01,"(26, 3)",-0.014900000000000024,-0.06870000000000001,0.06320265581932216,0.012253143221602869,-0.03153817402600312
AXISBANK.NS,Q2FY25,2024-09-30,2024-10-01,0.3936,-0.1511,0,0,20,screener.in (BSE transcript),0.1757,2024-10-01,"(25, 2)",-0.13120000000000004,-0.0986,-0.026501046605529988,-0.02525881853598566,-0.034782605469378725
AXISBANK.NS,Q3FY25,2024-12-31,2025-01-01,0.4237,-0.2051,0,0,25,screener.in (BSE transcript),0.1722,2025-01-01,"(25, 3)",0.030100000000000016,-0.003500000000000003,0.013059713868047274,0.007089549059273503,-0.08148316476841988
AXISBANK.NS,Q4FY25,2025-03-31,2025-04-01,0.4649,-0.0958,0,0,24,screener.in (BSE transcript),0.2406,2025-04-01,"(25, 4)",0.04119999999999996,0.06840000000000002,-0.011724791243459154,-0.01703756855114391,0.07905110196801535
AXISBANK.NS,Q1FY26,2025-06-30,2025-07-01,0.3371,-0.2923,0,0,17,screener.in (BSE transcript),0.0853,2025-07-01,"(26, 1)",-0.12779999999999997,-0.1553,-0.0016949546963240802,-0.016109048804965664,-0.09202132478078939
AXISBANK.NS,Q2FY26,2025-09-30,2025-10-01,0.4832,-0.01,0,0,20,screener.in (BSE transcript),0.2859,2025-10-01,"(26, 2)",0.1461,0.2006,0.011955593509820561,-0.002561912894961549,0.046968403074295395
AXISBANK.NS,Q3FY26,2025-12-31,2026-01-01,0.2788,-0.0748,0,0,26,screener.in (BSE transcript),0.1374,2026-01-01,"(26, 3)",-0.20440000000000003,-0.1485,0.0002354397928130414,0.010126402517337318,0.05110289217231201
AXISBANK.NS,Q4FY26,2026-03-31,2026-04-01,0.3301,-0.2083,0,0,19,screener.in (BSE transcript),0.1147,2026-04-01,"(26, 4)",0.05130000000000001,-0.022699999999999998,0.023412225925070196,0.13127879826939926,0.0797719012342446
BAJAJ-AUTO.NS,Q2FY25,2024-09-30,2024-10-01,0.3843,-0.0102,0,0,26,screener.in (BSE transcript),0.2265,2024-10-01,"(25, 2)",-0.23250000000000004,-0.1258,-0.006034795010734784,0.0076286904769597985,-0.15274461692923458
BAJAJ-AUTO.NS,Q3FY25,2024-12-31,2025-02-01,0.3355,-0.0234,0,0,27,screener.in (BSE transcript),0.1919,2025-02-01,"(25, 3)",-0.048799999999999955,-0.03460000000000002,-0.02185796912782012,-0.01755196433144257,-0.16370494491515142
BAJAJ-AUTO.NS,Q1FY26,2025-06-30,2025-08-01,0.453,0.093,0,0,26,screener.in (BSE transcript),0.309,2025-08-01,"(26, 1)",0.1175,0.11710000000000001,0.016346581400211724,0.023680771663982192,0.12524084327534624
BAJAJ-AUTO.NS,Q2FY26,2025-09-30,2025-11-01,0.577,0.0276,0,0,23,screener.in (BSE transcript),0.3572,2025-11-01,"(26, 2)",0.12399999999999994,0.04820000000000002,0.0022471690900935926,-0.009101101927235677,0.022471843181159468
BAJAJ-AUTO.NS,Q3FY26,2025-12-31,2026-02-01,0.6035,-0.0104,0,0,24,screener.in (BSE transcript),0.3579,2026-02-01,"(26, 3)",0.02650000000000008,0.0006999999999999784,0.05061080847834942,0.01517792937067397,0.028663597418499
BAJAJ-AUTO.NS,Q4FY26,2026-03-31,2026-05-01,0.6557,0.053,0,0,27,screener.in (BSE transcript),0.4146,2026-05-01,"(26, 4)",0.05219999999999991,0.05670000000000003,-0.011030861681234905,0.03465441303147765,0.039415183852918645
BAJAJFINSV.NS,Q2FY25,2024-09-30,2024-10-01,0.1633,-0.322,0,0,25,screener.in (BSE transcript),-0.0308,2024-10-01,"(25, 2)",-0.3355,-0.23099999999999998,-0.02432430507091843,-0.04395716436380315,-0.11004591047497203
BAJAJFINSV.NS,Q3FY25,2024-12-31,2025-02-01,0.3398,-0.2949,0,0,25,screener.in (BSE transcript),0.0859,2025-02-01,"(25, 3)",0.1765,0.1167,0.03746393510391499,0.04028821457695364,0.054610940179188106
BAJAJFINSV.NS,Q4FY25,2025-03-31,2025-05-01,0.3025,-0.2544,0,0,25,screener.in (BSE transcript),0.0797,2025-05-01,"(25, 4)",-0.0373,-0.006200000000000011,0.005063973565858193,0.00767264459709649,0.0285933793162767
BAJAJFINSV.NS,Q1FY26,2025-06-30,2025-08-01,0.2513,-0.3214,0,0,21,screener.in (BSE transcript),0.0222,2025-08-01,"(26, 1)",-0.05119999999999997,-0.057499999999999996,0.003692134990087137,-0.0026001040041602197,0.014040561622464809
BAJAJFINSV.NS,Q3FY26,2025-12-31,2026-02-01,0.325,-0.3422,0,0,20,screener.in (BSE transcript),0.0581,2026-02-01,"(26, 3)",0.07369999999999999,0.0359,0.05854295134794296,0.062316574640493894,0.022012578616352307
BAJAJFINSV.NS,Q4FY26,2026-03-31,2026-05-01,0.2478,-0.3137,0,0,25,screener.in (BSE transcript),0.0232,2026-05-01,"(26, 4)",-0.07720000000000002,-0.0349,0.0061742791731096425,0.03144294622415966,0.026126271734441042
BAJFINANCE.NS,Q2FY25,2024-09-30,2024-10-01,0.1327,-0.2146,0,0,20,screener.in (BSE transcript),-0.0062,2024-10-01,"(25, 2)",0.07410000000000001,0.026199999999999998,-0.02496711862314893,-0.03810766924975628,-0.08685928394596465
BAJFINANCE.NS,Q3FY25,2024-12-31,2025-02-01,0.3054,0.0102,0,0,21,screener.in (BSE transcript),0.1873,2025-02-01,"(25, 3)",0.1727,0.1935,0.06346732472463024,0.07025833504135282,0.07573662951321047
BAJFINANCE.NS,Q4FY25,2025-03-31,2025-05-01,0.1781,0.0901,0,0,22,screener.in (BSE transcript),0.1429,2025-05-01,"(25, 4)",-0.1273,-0.044399999999999995,0.03521662249152868,0.01005980996460032,0.07592365818967095
BAJFINANCE.NS,Q1FY26,2025-06-30,2025-07-01,-0.008,-0.3305,0,0,23,screener.in (BSE transcript),-0.137,2025-07-01,"(26, 1)",-0.18610000000000002,-0.27990000000000004,-0.011789924973204746,-0.006966773847802754,-0.04506965465484325
BAJFINANCE.NS,Q3FY26,2025-12-31,2026-02-01,0.1968,-0.1748,0,0,21,screener.in (BSE transcript),0.0482,2026-02-01,"(26, 3)",0.2048,0.1852,0.08229988726042836,0.11386696730552415,0.09470124013528758
BAJFINANCE.NS,Q4FY26,2026-03-31,2026-05-01,0.2943,0.0507,0,0,20,screener.in (BSE transcript),0.1969,2026-05-01,"(26, 4)",0.0975,0.1487,0.01289845105638765,0.008421303293530302,-0.028408446937929654
BHARTIARTL.NS,Q2FY25,2024-09-30,2024-11-01,0.4079,-0.2822,0,0,26,screener.in (BSE transcript),0.1319,2024-11-01,"(25, 2)",-0.043200000000000016,0.001899999999999985,-0.02217212107205968,-0.035913922316593405,0.006546582423440306
BHARTIARTL.NS,Q3FY25,2024-12-31,2025-02-01,0.3096,-0.4173,0,0,27,screener.in (BSE transcript),0.0189,2025-02-01,"(25, 3)",-0.0983,-0.11299999999999999,0.02608185951013975,0.04873756158793352,-0.01907523404101119
BHARTIARTL.NS,Q4FY25,2025-03-31,2025-05-01,0.4158,-0.3776,0,0,31,screener.in (BSE transcript),0.0984,2025-05-01,"(25, 4)",0.10620000000000002,0.0795,0.008639303159683642,0.0016198429458760266,0.0010798691836131358
BHARTIARTL.NS,Q1FY26,2025-06-30,2025-08-01,0.3883,-0.3226,0,0,36,screener.in (BSE transcript),0.1039,2025-08-01,"(26, 1)",-0.027500000000000024,0.005500000000000005,0.014799154334038,-0.015327695560253707,-0.0005285412262155953
BHARTIARTL.NS,Q2FY26,2025-09-30,2025-11-01,0.4182,-0.3209,0,0,28,screener.in (BSE transcript),0.1226,2025-11-01,"(26, 2)",0.029900000000000038,0.018699999999999994,0.025304136253041287,-0.016982980250152102,0.016934330329987812
BHARTIARTL.NS,Q3FY26,2025-12-31,2026-02-01,0.4005,-0.3273,0,0,33,screener.in (BSE transcript),0.1094,2026-02-01,"(26, 3)",-0.017699999999999994,-0.013200000000000003,0.05882961926054042,0.05944939674466143,-0.04441919378361292
BHARTIARTL.NS,Q4FY26,2026-03-31,2026-05-01,0.4982,-0.1253,0,0,31,screener.in (BSE transcript),0.2488,2026-05-01,"(26, 4)",0.09769999999999995,0.1394,-0.024129805867012744,-0.03160364761639001,-0.023062114188530214
BPCL.NS,Q2FY25,2024-09-30,2024-11-01,-0.133,-0.204,0,0,17,screener.in (BSE transcript),-0.1614,2024-11-01,"(25, 2)",-0.4071,-0.2885,-0.038338514325787276,-0.015974390930851068,-0.06006385233770861
BPCL.NS,Q3FY25,2024-12-31,2025-01-01,0.207,-0.3364,0,0,25,screener.in (BSE transcript),-0.0104,2025-01-01,"(25, 3)",0.33999999999999997,0.151,0.0023705323831559877,-0.028107094283555845,-0.10248783037859943
BPCL.NS,Q4FY25,2025-03-31,2025-05-01,0.1121,-0.1684,0,0,17,screener.in (BSE transcript),-0.0001,2025-05-01,"(25, 4)",-0.09489999999999998,0.0103,0.020769633378132868,-0.025760770751966477,0.022540645607318943
BPCL.NS,Q1FY26,2025-06-30,2025-08-01,0.3076,-0.1102,0,0,20,screener.in (BSE transcript),0.1405,2025-08-01,"(26, 1)",0.19549999999999998,0.1406,-0.009839077249811257,0.00655940388615095,-0.016242302377774243
BPCL.NS,Q4FY26,2026-03-31,2026-05-01,0.351,-0.2431,0,0,22,screener.in (BSE transcript),0.1133,2026-05-01,"(26, 4)",0.043399999999999994,-0.027200000000000016,-0.007438016528925617,-0.012396694214875992,-0.012396694214875992
BRITANNIA.NS,Q2FY25,2024-09-30,2024-11-01,0.1668,-0.2051,0,0,19,screener.in (BSE transcript),0.018,2024-11-01,"(25, 2)",-0.16570000000000001,-0.14850000000000002,-0.008944650970389767,0.020518889340153557,-0.1351890981650028
BRITANNIA.NS,Q3FY25,2024-12-31,2025-02-01,0.1442,-0.1146,0,0,19,screener.in (BSE transcript),0.0407,2025-02-01,"(25, 3)",-0.02260000000000001,0.0227,-0.02190119285475023,-0.06069639922841752,-0.13426409033568065
BRITANNIA.NS,Q4FY25,2025-03-31,2025-05-01,0.2791,-0.0185,0,0,20,screener.in (BSE transcript),0.1601,2025-05-01,"(25, 4)",0.13490000000000002,0.11939999999999999,-0.011338241138425742,-0.0010222668644545019,0.021468407939213563
BRITANNIA.NS,Q1FY26,2025-06-30,2025-08-01,0.3561,-0.1506,0,0,21,screener.in (BSE transcript),0.1534,2025-08-01,"(26, 1)",0.07700000000000001,-0.006699999999999984,0.00738809213385494,-0.06805736636245108,0.024076488483268044
BRITANNIA.NS,Q2FY26,2025-09-30,2025-11-01,0.2604,-0.2651,0,0,21,screener.in (BSE transcript),0.0502,2025-11-01,"(26, 2)",-0.09570000000000001,-0.10320000000000001,-0.002314021254713694,0.019883441892355247,-0.007199177236887233
BRITANNIA.NS,Q3FY26,2025-12-31,2026-02-01,0.1485,0.0,0,0,22,screener.in (BSE transcript),0.0891,2026-02-01,"(26, 3)",-0.11190000000000003,0.0389,0.03261817547531831,0.029216814931100732,0.023199023199023117
BRITANNIA.NS,Q4FY26,2026-03-31,2026-05-01,0.1283,-0.1542,0,0,22,screener.in (BSE transcript),0.0153,2026-05-01,"(26, 4)",-0.020199999999999996,-0.0738,0.007853403141361293,-0.03917975567190224,-0.09109947643979055
CIPLA.NS,Q2FY25,2024-09-30,2024-11-01,0.3499,-0.023,0,0,18,screener.in (BSE transcript),0.2007,2024-11-01,"(25, 2)",-0.0126,-0.030800000000000022,-0.00025247351965962395,0.0038510723330587027,-0.0340908912486535
CIPLA.NS,Q3FY25,2024-12-31,2025-02-01,0.3467,-0.0599,0,0,20,screener.in (BSE transcript),0.184,2025-02-01,"(25, 3)",-0.0031999999999999806,-0.016699999999999993,-0.006341472820074023,0.028710722114233755,-0.02268304600017723
CIPLA.NS,Q4FY25,2025-03-31,2025-05-01,0.354,-0.1055,0,0,20,screener.in (BSE transcript),0.1702,2025-05-01,"(25, 4)",0.007299999999999973,-0.013800000000000007,-0.003577194257350924,-0.04396748156288699,-0.04000005520675087
CIPLA.NS,Q1FY26,2025-06-30,2025-07-01,0.4489,0.0174,0,0,20,screener.in (BSE transcript),0.2763,2025-07-01,"(26, 1)",0.09490000000000004,0.1061,-0.007719162109984912,-0.01959489310997653,0.03866210315580276
CIPLA.NS,Q2FY26,2025-09-30,2025-11-01,0.4409,0.069,0,0,19,screener.in (BSE transcript),0.2921,2025-11-01,"(26, 2)",-0.008000000000000007,0.015800000000000036,0.005722226279863074,0.005589200092165125,0.011377929131952902
CIPLA.NS,Q3FY26,2025-12-31,2026-01-01,0.3464,0.0325,0,0,20,screener.in (BSE transcript),0.2209,2026-01-01,"(26, 3)",-0.09450000000000003,-0.07120000000000001,0.00672930769761626,-0.024118893255970608,-0.11386501527782766
CIPLA.NS,Q4FY26,2026-03-31,2026-05-01,0.4782,0.2155,0,0,20,screener.in (BSE transcript),0.3731,2026-05-01,"(26, 4)",0.13180000000000003,0.15219999999999997,0.014393940814549477,0.020454565511286216,0.06818186631439072
DIVISLAB.NS,Q2FY25,2024-09-30,2024-11-01,0.3331,0.085,0,0,19,screener.in (BSE transcript),0.2339,2024-11-01,"(25, 2)",0.0832,0.043399999999999994,-0.0007198299436182998,0.0424693463036121,0.054325203704139735
DIVISLAB.NS,Q3FY25,2024-12-31,2025-02-01,0.3477,0.0769,0,0,19,screener.in (BSE transcript),0.2394,2025-02-01,"(25, 3)",0.014600000000000002,0.005500000000000005,0.07669521262415224,0.09307713091189918,-0.021178088693111663
DIVISLAB.NS,Q4FY25,2025-03-31,2025-05-01,0.3995,0.0805,0,0,19,screener.in (BSE transcript),0.2719,2025-05-01,"(25, 4)",0.05180000000000001,0.03249999999999997,0.020641425707680572,-0.03922699574090338,0.08577296168742099
DIVISLAB.NS,Q1FY26,2025-06-30,2025-08-01,0.2346,0.0441,0,0,19,screener.in (BSE transcript),0.1584,2025-08-01,"(26, 1)",-0.16490000000000002,-0.11349999999999996,0.01844005021971129,-0.0754865034526051,-0.03562460765850595
DIVISLAB.NS,Q2FY26,2025-09-30,2025-11-01,0.2948,-0.0708,0,0,20,screener.in (BSE transcript),0.1485,2025-11-01,"(26, 2)",0.060200000000000004,-0.00990000000000002,0.00964677945978032,-0.004007123775601085,-0.05008904719501339
DIVISLAB.NS,Q3FY26,2025-12-31,2026-02-01,0.3735,0.1278,0,0,19,screener.in (BSE transcript),0.2752,2026-02-01,"(26, 3)",0.07869999999999999,0.1267,0.015521796565389767,0.003797886393659189,0.035584544253632666
DIVISLAB.NS,Q4FY26,2026-03-31,2026-05-01,0.3103,-0.1439,0,0,19,screener.in (BSE transcript),0.1286,2026-05-01,"(26, 4)",-0.06319999999999998,-0.1466,0.017209588199139425,0.02950215119852495,0.027965580823601677
DRREDDY.NS,Q2FY25,2024-09-30,2024-11-01,0.4031,0.0421,0,0,19,screener.in (BSE transcript),0.2587,2024-11-01,"(25, 2)",0.1355,0.06519999999999998,0.0043664987694544966,0.01937123853494538,-0.0278660041507498
DRREDDY.NS,Q3FY25,2024-12-31,2025-01-01,0.2372,0.0634,0,0,19,screener.in (BSE transcript),0.1677,2025-01-01,"(25, 3)",-0.16590000000000002,-0.091,0.002624989236703623,0.00623430281083337,-0.13376353043728129
DRREDDY.NS,Q4FY25,2025-03-31,2025-05-01,0.2002,-0.0374,0,0,19,screener.in (BSE transcript),0.1052,2025-05-01,"(25, 4)",-0.037000000000000005,-0.062499999999999986,0.010713381732060379,-0.028568958872926542,0.06130432157794252
DRREDDY.NS,Q1FY26,2025-06-30,2025-07-01,0.0574,-0.0081,0,0,23,screener.in (BSE transcript),0.0312,2025-07-01,"(26, 1)",-0.14279999999999998,-0.07400000000000001,-0.0008621106599907558,0.0031347691044776305,0.02377170626225844
DRREDDY.NS,Q2FY26,2025-09-30,2025-10-01,0.1729,-0.0281,0,0,21,screener.in (BSE transcript),0.0925,2025-10-01,"(26, 2)",0.11549999999999999,0.0613,0.003456810574336888,0.0045823225822025915,-0.03778438707092979
DRREDDY.NS,Q3FY26,2025-12-31,2026-01-01,0.062,0.0132,0,0,21,screener.in (BSE transcript),0.0425,2026-01-01,"(26, 3)",-0.1109,-0.049999999999999996,0.005604483586869602,-0.033626901521216945,-0.04763811048839073
DRREDDY.NS,Q4FY26,2026-03-31,2026-05-01,-0.0808,-0.0821,0,0,19,screener.in (BSE transcript),-0.0813,2026-05-01,"(26, 4)",-0.14279999999999998,-0.1238,-0.024545473040956445,-0.024242424242424288,-0.007500018495501859
EICHERMOT.NS,Q2FY25,2024-09-30,2024-11-01,0.3224,0.0113,0,0,26,screener.in (BSE transcript),0.198,2024-11-01,"(25, 2)",-0.08859999999999996,-0.057699999999999974,-0.034103273992798666,-0.04806645294711598,-0.03326370896082054
EICHERMOT.NS,Q3FY25,2024-12-31,2025-02-01,0.464,-0.0445,0,0,21,screener.in (BSE transcript),0.2606,2025-02-01,"(25, 3)",0.1416,0.06259999999999999,-0.00689693883155551,-0.03139010872242065,-0.12340810480704445
EICHERMOT.NS,Q4FY25,2025-03-31,2025-05-01,0.4632,-0.016,0,0,21,screener.in (BSE transcript),0.2715,2025-05-01,"(25, 4)",-0.0008000000000000229,0.01090000000000002,-0.01627694096501786,-0.04766187160952884,-0.03273380972599893
EICHERMOT.NS,Q1FY26,2025-06-30,2025-08-01,0.4118,0.0068,0,0,18,screener.in (BSE transcript),0.2498,2025-08-01,"(26, 1)",-0.0514,-0.021700000000000025,0.01763907734056991,0.02704658525554038,0.14862053369516048
EICHERMOT.NS,Q2FY26,2025-09-30,2025-11-01,0.5229,0.0721,0,0,21,screener.in (BSE transcript),0.3426,2025-11-01,"(26, 2)",0.11110000000000003,0.09280000000000002,0.002844950213371167,-0.022546230440967263,0.013513513513513598
EICHERMOT.NS,Q3FY26,2025-12-31,2026-02-01,0.4673,0.0776,0,0,22,screener.in (BSE transcript),0.3114,2026-02-01,"(26, 3)",-0.05560000000000004,-0.031200000000000006,0.058045554739162286,0.04570168993387225,0.14621601763409253
EICHERMOT.NS,Q4FY26,2026-03-31,2026-05-01,0.4977,0.0933,0,0,22,screener.in (BSE transcript),0.336,2026-05-01,"(26, 4)",0.030399999999999983,0.02460000000000001,0.0303840202560135,0.02250668167112102,0.00956533971022644
GRASIM.NS,Q2FY25,2024-09-30,2024-11-01,0.1841,-0.0717,0,0,21,screener.in (BSE transcript),0.0818,2024-11-01,"(25, 2)",-0.06859999999999997,-0.0401,-0.039326502978151434,-0.06252201871402263,0.004320232586984218
GRASIM.NS,Q3FY25,2024-12-31,2025-02-01,0.3319,-0.1395,0,0,19,screener.in (BSE transcript),0.1433,2025-02-01,"(25, 3)",0.14779999999999996,0.06150000000000001,0.019437557160187913,0.027708856689374617,-0.02564101289121723
GRASIM.NS,Q4FY25,2025-03-31,2025-05-01,0.4171,-0.0453,0,0,23,screener.in (BSE transcript),0.2322,2025-05-01,"(25, 4)",0.08520000000000005,0.08889999999999998,0.0016143525154881377,-0.01786763360746746,-0.05525389147070203
GRASIM.NS,Q1FY26,2025-06-30,2025-08-01,0.3303,-0.1037,0,0,20,screener.in (BSE transcript),0.1567,2025-08-01,"(26, 1)",-0.08680000000000004,-0.07549999999999998,0.02527477515647658,-0.0014652072530267901,0.02532815409088962
GRASIM.NS,Q2FY26,2025-09-30,2025-11-01,0.4112,0.0882,0,0,20,screener.in (BSE transcript),0.282,2025-11-01,"(26, 2)",0.08090000000000003,0.12529999999999997,0.004454386168421864,-0.04178176795580113,-0.06177482815737223
GRASIM.NS,Q3FY26,2025-12-31,2026-02-01,0.5309,0.1868,0,0,20,screener.in (BSE transcript),0.3933,2026-02-01,"(26, 3)",0.11970000000000003,0.11130000000000001,0.04708029197080288,0.04375908844662413,-0.0037226099167426696
GRASIM.NS,Q4FY26,2026-03-31,2026-05-01,0.5402,0.1565,0,0,21,screener.in (BSE transcript),0.3867,2026-05-01,"(26, 4)",0.009299999999999975,-0.006599999999999995,0.009269162210338688,0.05315511502896619,0.12349372632575761
HCLTECH.NS,Q2FY25,2024-09-30,2024-10-01,0.4779,0.0902,0,0,17,screener.in (BSE transcript),0.3228,2024-10-01,"(25, 2)",0.4451,0.32449999999999996,-1.0988496490504929e-07,0.02362202573077088,0.04165060793804498
HCLTECH.NS,Q3FY25,2024-12-31,2025-01-01,0.5878,0.1866,0,0,19,screener.in (BSE transcript),0.4273,2025-01-01,"(25, 3)",0.1099,0.10450000000000004,0.035592022849961547,0.0077670626447705615,-0.0902115788151363
HCLTECH.NS,Q4FY25,2025-03-31,2025-04-01,0.4357,0.0952,0,0,19,screener.in (BSE transcript),0.2995,2025-04-01,"(25, 4)",-0.1521,-0.12780000000000002,-0.009900914314019071,-0.08867980695148914,0.05279978059035084
HCLTECH.NS,Q1FY26,2025-06-30,2025-07-01,0.2479,0.1061,0,0,19,screener.in (BSE transcript),0.1912,2025-07-01,"(26, 1)",-0.18779999999999997,-0.10829999999999998,-0.0034844067849072458,-0.006968673526998259,-0.1335091442153532
HCLTECH.NS,Q2FY26,2025-09-30,2025-10-01,0.5569,0.28,0,0,18,screener.in (BSE transcript),0.4462,2025-10-01,"(26, 2)",0.30899999999999994,0.255,-0.0021482448614681404,0.06766915613984126,0.11163353562659406
HCLTECH.NS,Q3FY26,2025-12-31,2026-01-01,0.5981,0.3086,0,0,17,screener.in (BSE transcript),0.4823,2026-01-01,"(26, 3)",0.041200000000000014,0.03610000000000002,-0.00428916821828651,0.009252362816370319,0.030697105773572764
HDFCBANK.NS,Q2FY25,2024-09-30,2024-10-01,0.1267,-0.3867,0,0,21,screener.in (BSE transcript),-0.0786,2024-10-01,"(25, 2)",0.05270000000000001,-0.024400000000000005,-0.02398513555398185,-0.04467702730871825,0.007198422233268387
HDFCBANK.NS,Q3FY25,2024-12-31,2025-01-01,0.1492,-0.3238,0,0,23,screener.in (BSE transcript),-0.04,2025-01-01,"(25, 3)",0.022499999999999992,0.0386,0.00782174497050403,-0.0523042974087119,-0.0540768564666565
HDFCBANK.NS,Q4FY25,2025-03-31,2025-04-01,0.098,-0.0601,0,0,21,screener.in (BSE transcript),0.0348,2025-04-01,"(25, 4)",-0.051199999999999996,0.0748,0.005873497653828164,-0.0032189931477566436,0.08996444428883632
HDFCBANK.NS,Q1FY26,2025-06-30,2025-07-01,0.2601,-0.098,0,0,22,screener.in (BSE transcript),0.1169,2025-07-01,"(26, 1)",0.1621,0.0821,-0.012376873906843389,-0.0063864712922341305,0.006508580265205621
HDFCBANK.NS,Q2FY26,2025-09-30,2025-10-01,0.2271,-0.0333,0,0,18,screener.in (BSE transcript),0.1229,2025-10-01,"(26, 2)",-0.033,0.0059999999999999915,0.02090335791559972,0.02836131369075634,0.03466384997882255
HDFCBANK.NS,Q3FY26,2025-12-31,2026-01-01,0.2425,-0.0563,0,0,23,screener.in (BSE transcript),0.123,2026-01-01,"(26, 3)",0.015399999999999997,0.00010000000000000286,0.014730376429931136,-0.04656206595950996,-0.0768299770988311
HDFCLIFE.NS,Q2FY25,2024-09-30,2024-10-01,0.3297,-0.2803,0,0,28,screener.in (BSE transcript),0.0857,2024-10-01,"(25, 2)",-0.033399999999999985,-0.1056,0.00818319595403505,0.03510161061259587,0.03811633209101184
HDFCLIFE.NS,Q3FY25,2024-12-31,2025-01-01,0.2395,-0.1553,0,0,25,screener.in (BSE transcript),0.0816,2025-01-01,"(25, 3)",-0.0902,-0.0040999999999999925,0.0032414997592680184,-0.0014586462555011837,0.012479726500639332
HDFCLIFE.NS,Q4FY25,2025-03-31,2025-04-01,0.5199,0.0595,0,0,26,screener.in (BSE transcript),0.3357,2025-04-01,"(25, 4)",0.28040000000000004,0.2541,-0.006923424349184137,-0.011250541088237642,0.06577247796212937
HDFCLIFE.NS,Q1FY26,2025-06-30,2025-07-01,0.4104,0.0631,0,0,21,screener.in (BSE transcript),0.2715,2025-07-01,"(26, 1)",-0.10950000000000004,-0.06419999999999998,-0.02418056817352121,-0.020408151081917292,-0.06951142295834711
HDFCLIFE.NS,Q2FY26,2025-09-30,2025-10-01,0.4272,-0.0916,0,0,21,screener.in (BSE transcript),0.2197,2025-10-01,"(26, 2)",0.016800000000000037,-0.05180000000000001,-0.0019163561819787178,-0.0023128616442282812,-0.03522106740390718
HDFCLIFE.NS,Q3FY26,2025-12-31,2026-01-01,0.3717,-0.0978,0,0,22,screener.in (BSE transcript),0.1839,2026-01-01,"(26, 3)",-0.05550000000000005,-0.0358,0.0020667829749785316,0.011000731024777055,-0.043536292904604146
HEROMOTOCO.NS,Q2FY25,2024-09-30,2024-11-01,0.3254,0.069,0,0,21,screener.in (BSE transcript),0.2228,2024-11-01,"(25, 2)",-0.06829999999999997,-0.05009999999999998,-0.0603608355670463,-0.07108730898724769,-0.08238912233244833
HEROMOTOCO.NS,Q3FY25,2024-12-31,2025-02-01,0.3984,0.1951,0,0,20,screener.in (BSE transcript),0.3171,2025-02-01,"(25, 3)",0.07299999999999995,0.0943,-0.02171938194213019,-0.025723950051182,-0.15928647270383045
HEROMOTOCO.NS,Q4FY25,2025-03-31,2025-05-01,0.4926,0.1765,0,0,21,screener.in (BSE transcript),0.3662,2025-05-01,"(25, 4)",0.0942,0.04910000000000003,-0.009096713748241392,-0.018035555712588747,0.14144505537035035
HEROMOTOCO.NS,Q1FY26,2025-06-30,2025-08-01,0.3895,0.0642,0,0,20,screener.in (BSE transcript),0.2594,2025-08-01,"(26, 1)",-0.10309999999999997,-0.1068,0.05099747380650266,0.06652146715753382,0.23380978867401891
HEROMOTOCO.NS,Q2FY26,2025-09-30,2025-11-01,0.5367,0.1339,0,0,22,screener.in (BSE transcript),0.3756,2025-11-01,"(26, 2)",0.14719999999999994,0.11619999999999997,-0.018729250172715317,-0.03656244824793631,0.13451026749968897
HEROMOTOCO.NS,Q3FY26,2025-12-31,2026-02-01,0.4487,-0.0085,0,0,21,screener.in (BSE transcript),0.2658,2026-02-01,"(26, 3)",-0.08799999999999997,-0.10980000000000001,0.033153129568991746,0.04504506552040155,0.02224681148342067
HEROMOTOCO.NS,Q4FY26,2026-03-31,2026-05-01,0.4371,-0.1,0,0,21,screener.in (BSE transcript),0.2223,2026-05-01,"(26, 4)",-0.0116,-0.04349999999999998,-0.024296182028538338,0.014751253374469808,-0.05215966062475896
HINDALCO.NS,Q2FY25,2024-09-30,2024-11-01,0.4155,-0.3004,0,0,24,screener.in (BSE transcript),0.1291,2024-11-01,"(25, 2)",0.0983,0.1002,-0.019448493492936647,-0.06030471146432237,-0.031132081952530588
HINDALCO.NS,Q3FY25,2024-12-31,2025-02-01,0.3889,-0.2121,0,0,25,screener.in (BSE transcript),0.1485,2025-02-01,"(25, 3)",-0.026599999999999957,0.0194,0.009565201010751867,0.05217392749252969,0.09217392709111105
HINDALCO.NS,Q4FY25,2025-03-31,2025-05-01,0.3354,-0.2159,0,0,24,screener.in (BSE transcript),0.1148,2025-05-01,"(25, 4)",-0.05350000000000005,-0.033699999999999994,0.018028836818426708,-0.02387829920563156,0.038140988979829205
HINDALCO.NS,Q1FY26,2025-06-30,2025-08-01,0.3392,-0.1572,0,0,21,screener.in (BSE transcript),0.1407,2025-08-01,"(26, 1)",0.0038000000000000256,0.025899999999999992,0.02366867837254283,0.003980686043234316,0.08035027440644882
HINDALCO.NS,Q2FY26,2025-09-30,2025-11-01,0.2748,-0.0584,0,0,23,screener.in (BSE transcript),0.1415,2025-11-01,"(26, 2)",-0.06440000000000001,0.0007999999999999952,-0.007430545467215333,-0.0672878332673682,-0.04346284914435594
HINDALCO.NS,Q3FY26,2025-12-31,2026-02-01,0.503,-0.2545,0,0,25,screener.in (BSE transcript),0.2,2026-02-01,"(26, 3)",0.22820000000000001,0.058500000000000024,0.04891242927668449,0.06050567191605838,-0.005078984828413846
HINDALCO.NS,Q4FY26,2026-03-31,2026-05-01,0.4895,-0.2381,0,0,20,screener.in (BSE transcript),0.1985,2026-05-01,"(26, 4)",-0.013500000000000012,-0.0015000000000000013,-0.006709479222072989,-0.01169373398946072,0.08310164584891933
HINDUNILVR.NS,Q3FY25,2024-12-31,2025-01-01,0.4204,0.203,0,0,35,screener.in (BSE transcript),0.3334,2025-01-01,"(25, 3)",-0.04830000000000001,-0.0121,0.02225317440600061,0.03221018745743409,0.023175862291912264
HINDUNILVR.NS,Q4FY25,2025-03-31,2025-04-01,0.4326,0.1921,0,0,35,screener.in (BSE transcript),0.3364,2025-04-01,"(25, 4)",0.012199999999999989,0.0030000000000000027,-0.008133884490652998,0.022396040855697796,0.04300938320876946
HINDUNILVR.NS,Q1FY26,2025-06-30,2025-08-01,0.5602,0.0873,0,0,39,screener.in (BSE transcript),0.3711,2025-08-01,"(26, 1)",0.12760000000000005,0.03470000000000001,-0.0037298608445468506,-0.022339929999780295,0.05261093003068251
HINDUNILVR.NS,Q2FY26,2025-09-30,2025-10-01,0.3181,0.0245,0,0,33,screener.in (BSE transcript),0.2006,2025-10-01,"(26, 2)",-0.24210000000000004,-0.17049999999999998,-0.0003942793458691085,-0.01033038761190408,-0.03158258587408558
HINDUNILVR.NS,Q3FY26,2025-12-31,2026-02-01,0.4474,0.1357,0,0,27,screener.in (BSE transcript),0.3227,2026-02-01,"(26, 3)",0.12930000000000003,0.12209999999999999,0.014388147321767963,0.02924326165879454,-0.02253724579678207
HINDUNILVR.NS,Q4FY26,2026-03-31,2026-05-01,0.5712,0.0508,0,0,28,screener.in (BSE transcript),0.363,2026-05-01,"(26, 4)",0.12380000000000002,0.0403,0.014412937036490714,0.0036583843465818333,-0.048615998253764725
ICICIBANK.NS,Q2FY25,2024-09-30,2024-10-01,0.1933,-0.0225,0,0,18,screener.in (BSE transcript),0.107,2024-10-01,"(25, 2)",-0.11400000000000002,-0.1188,-0.005185092041673167,-0.005464246458968924,0.0427967528172124
ICICIBANK.NS,Q3FY25,2024-12-31,2025-01-01,0.0936,0.037,0,0,16,screener.in (BSE transcript),0.071,2025-01-01,"(25, 3)",-0.0997,-0.036000000000000004,0.0008558831260103705,-0.021087821738002388,-0.02731306971031544
ICICIBANK.NS,Q4FY25,2025-03-31,2025-04-01,0.2676,-0.1567,0,0,33,screener.in (BSE transcript),0.0979,2025-04-01,"(25, 4)",0.174,0.026900000000000007,-0.00015129003909675198,-0.013009169465425408,0.0808152772295414
ICICIBANK.NS,Q1FY26,2025-06-30,2025-07-01,0.0032,-0.2418,0,0,14,screener.in (BSE transcript),-0.0948,2025-07-01,"(26, 1)",-0.2644,-0.19269999999999998,-6.982119280507515e-05,0.002792921149818106,0.038751557760070554
ICICIBANK.NS,Q2FY26,2025-09-30,2025-10-01,0.171,0.1562,0,0,16,screener.in (BSE transcript),0.1651,2025-10-01,"(26, 2)",0.1678,0.2599,-0.0006560422757094786,-0.001166247946253085,-0.022887982983653243
ICICIBANK.NS,Q3FY26,2025-12-31,2026-01-01,0.3072,-0.0171,0,0,32,screener.in (BSE transcript),0.1775,2026-01-01,"(26, 3)",0.13619999999999996,0.012399999999999994,0.012107586825018668,0.06659191000443765,-0.006053793412509334
ICICIBANK.NS,Q4FY26,2026-03-31,2026-04-01,0.2412,-0.1041,0,0,32,screener.in (BSE transcript),0.1031,2026-04-01,"(26, 4)",-0.06599999999999998,-0.0744,0.014214046822742521,0.07775919732441472,0.05710706423756262
INDUSINDBK.NS,Q2FY25,2024-09-30,2024-10-01,0.3381,-0.094,0,0,19,screener.in (BSE transcript),0.1653,2024-10-01,"(25, 2)",0.0665,0.1302,-0.014209359287791878,-0.038461478125104365,-0.24928775843886175
INDUSINDBK.NS,Q3FY25,2024-12-31,2025-01-01,0.4309,-0.3043,0,0,19,screener.in (BSE transcript),0.1368,2025-01-01,"(25, 3)",0.0928,-0.028499999999999998,0.01793948939352985,0.005689386139953401,-0.027883133835449936
INDUSINDBK.NS,Q4FY25,2025-03-31,2025-05-01,0.0745,-0.3819,0,0,21,screener.in (BSE transcript),-0.1081,2025-05-01,"(25, 4)",-0.3564,-0.2449,0.023952096212022767,-0.03532937051107632,-0.016646700712861007
INDUSINDBK.NS,Q2FY26,2025-09-30,2025-10-01,0.3703,-0.1047,0,0,20,screener.in (BSE transcript),0.1803,2025-10-01,"(26, 2)",0.2958,0.2884,-0.0016146233113861763,0.00861140805271976,0.06942949933909448
INDUSINDBK.NS,Q3FY26,2025-12-31,2026-01-01,0.5166,-0.0277,0,0,19,screener.in (BSE transcript),0.2989,2026-01-01,"(26, 3)",0.14629999999999993,0.11860000000000001,0.010044695252913183,-0.020033440768887578,-0.007812456212349828
INDUSINDBK.NS,Q4FY26,2026-03-31,2026-04-01,0.3572,-0.0984,0,0,19,screener.in (BSE transcript),0.175,2026-04-01,"(26, 4)",-0.15939999999999993,-0.12390000000000001,0.003107932715913142,0.059958542835551576,0.19819993008293646
INFY.NS,Q2FY25,2024-09-30,2024-10-01,0.1811,-0.0552,0,0,33,screener.in (BSE transcript),0.0866,2024-10-01,"(25, 2)",-0.15069999999999997,-0.12680000000000002,2.6549552062160586e-05,0.0362000533108815,-0.04299690861346728
INFY.NS,Q3FY25,2024-12-31,2025-01-01,0.1458,0.0263,0,0,34,screener.in (BSE transcript),0.098,2025-01-01,"(25, 3)",-0.0353,0.011400000000000007,0.03494960853058826,0.024933714753155423,-0.0073397612672869705
INFY.NS,Q4FY25,2025-03-31,2025-04-01,0.0857,-0.0549,0,0,38,screener.in (BSE transcript),0.0295,2025-04-01,"(25, 4)",-0.060100000000000015,-0.0685,-0.00035833027149290153,-0.0847771839806628,-0.0190203289730263
INFY.NS,Q1FY26,2025-06-30,2025-07-01,0.2569,0.0504,0,0,33,screener.in (BSE transcript),0.1743,2025-07-01,"(26, 1)",0.17120000000000002,0.1448,0.00030904009486421025,0.012237319458344276,-0.060630333018138804
INFY.NS,Q2FY26,2025-09-30,2025-10-01,0.1787,0.0,0,0,31,screener.in (BSE transcript),0.1072,2025-10-01,"(26, 2)",-0.07820000000000002,-0.0671,0.005281419421250488,0.04933979830373292,0.04585983914937275
INFY.NS,Q3FY26,2025-12-31,2026-02-01,0.035,0.2,0,0,65,screener.in (BSE transcript),0.101,2026-02-01,"(26, 3)",-0.1437,-0.006199999999999997,0.03922985374131649,-0.08417568746662962,-0.22322502965790947
INFY.NS,Q4FY26,2026-03-31,2026-04-01,0.0888,-0.1719,0,0,39,screener.in (BSE transcript),-0.0155,2026-04-01,"(26, 4)",0.0538,-0.1165,0.03285715855753146,0.04603172777065501,-0.051587337789262944
KOTAKBANK.NS,Q2FY25,2024-09-30,2024-10-01,0.374,-0.0717,0,0,23,screener.in (BSE transcript),0.1957,2024-10-01,"(25, 2)",0.016500000000000015,0.0632,-0.022821425854996802,-0.025835535084427375,-0.07026747570061687
KOTAKBANK.NS,Q3FY25,2024-12-31,2025-01-01,0.26,-0.1827,0,0,22,screener.in (BSE transcript),0.0829,2025-01-01,"(25, 3)",-0.11399999999999999,-0.11280000000000001,0.02833330924713584,-0.014444506257341727,0.06686110148243385
KOTAKBANK.NS,Q4FY25,2025-03-31,2025-05-01,0.4697,0.0444,0,0,21,screener.in (BSE transcript),0.2996,2025-05-01,"(25, 4)",0.2097,0.21669999999999998,-0.044872927377143434,-0.058529934515050064,-0.05553531708073578
KOTAKBANK.NS,Q1FY26,2025-06-30,2025-08-01,0.0998,-0.1103,0,0,22,screener.in (BSE transcript),0.0157,2025-08-01,"(26, 1)",-0.3699,-0.2839,0.010568727406989442,-0.011575254590250106,-0.0216406800090585
KOTAKBANK.NS,Q2FY26,2025-09-30,2025-10-01,0.2355,0.1164,0,0,26,screener.in (BSE transcript),0.1879,2025-10-01,"(26, 2)",0.1357,0.17220000000000002,0.024572248439085786,0.039596753242095106,0.01885329014262127
KOTAKBANK.NS,Q3FY26,2025-12-31,2026-01-01,0.5775,0.248,0,0,29,screener.in (BSE transcript),0.4457,2026-01-01,"(26, 3)",0.342,0.2578,-0.009423736808522931,-0.038236070764784746,-0.07859136428766333
KOTAKBANK.NS,Q4FY26,2026-03-31,2026-05-01,0.3597,0.0274,0,0,24,screener.in (BSE transcript),0.2268,2026-05-01,"(26, 4)",-0.2178,-0.21889999999999998,-0.020849812678124913,-0.007389780517477962,0.013855898877196404
LT.NS,Q2FY25,2024-09-30,2024-10-01,0.3217,0.0921,0,0,23,screener.in (BSE transcript),0.2299,2024-10-01,"(25, 2)",0.153,0.1779,-0.01884161012833563,-0.018841582670543144,-0.014654587955936105
LT.NS,Q3FY25,2024-12-31,2025-01-01,0.3546,-0.3069,0,0,23,screener.in (BSE transcript),0.09,2025-01-01,"(25, 3)",0.03290000000000004,-0.1399,0.0085404275854577,-0.02086172341126591,-0.06027310972288813
LT.NS,Q4FY25,2025-03-31,2025-05-01,0.5713,-0.0707,0,0,29,screener.in (BSE transcript),0.3145,2025-05-01,"(25, 4)",0.2167,0.2245,0.007518768868981951,0.0018044440023168296,0.09933835811664005
LT.NS,Q1FY26,2025-06-30,2025-07-01,0.4045,-0.1157,0,0,21,screener.in (BSE transcript),0.1964,2025-07-01,"(26, 1)",-0.1668,-0.11810000000000001,-0.016800313166402736,-0.01680029844051978,-0.012163879662964838
LT.NS,Q2FY26,2025-09-30,2025-10-01,0.4171,-0.2081,0,0,26,screener.in (BSE transcript),0.167,2025-10-01,"(26, 2)",0.0126,-0.02939999999999998,0.008130115533018678,0.020325180781246788,0.0921409229094412
LT.NS,Q3FY26,2025-12-31,2026-01-01,0.4218,-0.2041,0,0,23,screener.in (BSE transcript),0.1715,2026-01-01,"(26, 3)",0.004699999999999982,0.004500000000000004,0.005992977918480635,-0.02636480868521751,-0.07428533376585034
LT.NS,Q4FY26,2026-03-31,2026-05-01,0.3166,-0.0125,0,0,33,screener.in (BSE transcript),0.185,2026-05-01,"(26, 4)",-0.10520000000000002,0.013499999999999984,0.014654719375472913,-0.01937406722944046,0.02556847681735719
M&M.NS,Q3FY25,2024-12-31,2025-02-01,0.4643,-0.086,0,0,23,screener.in (BSE transcript),0.2442,2025-02-01,"(25, 3)",0.041800000000000004,0.05710000000000001,0.055093874644489116,0.04992471493210915,-0.16214102098548966
M&M.NS,Q4FY25,2025-03-31,2025-05-01,0.2446,0.045,0,0,34,screener.in (BSE transcript),0.1648,2025-05-01,"(25, 4)",-0.21969999999999998,-0.0794,-0.0003729216964311055,0.0039322934700996015,0.018644123864565154
M&M.NS,Q1FY26,2025-06-30,2025-08-01,0.4472,-0.0659,0,0,18,screener.in (BSE transcript),0.242,2025-08-01,"(26, 1)",0.20259999999999997,0.07719999999999999,0.007886435331230235,-0.0060252673994479755,0.03123028391167182
M&M.NS,Q2FY26,2025-09-30,2025-11-01,0.4408,-0.0576,0,0,27,screener.in (BSE transcript),0.2414,2025-11-01,"(26, 2)",-0.006399999999999961,-0.0005999999999999894,0.01070922747258618,0.053802307702577545,0.06032470772660914
M&M.NS,Q3FY26,2025-12-31,2026-02-01,0.2684,-0.0392,0,0,30,screener.in (BSE transcript),0.1454,2026-02-01,"(26, 3)",-0.1724,-0.096,0.08435171385991058,0.0711773617967586,-0.016423277989940366
M&M.NS,Q4FY26,2026-03-31,2026-05-01,0.3824,0.1494,0,0,39,screener.in (BSE transcript),0.2892,2026-05-01,"(26, 4)",0.11399999999999999,0.1438,-0.005588376177550702,0.03305125339294257,-0.02602586619830749
NTPC.NS,Q2FY25,2024-09-30,2024-11-01,0.3971,-0.2738,0,0,16,screener.in (BSE transcript),0.1288,2024-11-01,"(25, 2)",0.03639999999999999,-0.1368,-0.03346626566968203,-0.03793648574851616,-0.10849340899960869
NTPC.NS,Q3FY25,2024-12-31,2025-01-01,0.4666,-0.2195,0,0,16,screener.in (BSE transcript),0.1921,2025-01-01,"(25, 3)",0.0695,0.0633,0.013187534859752326,-0.028772716514409935,-0.03416750082668785
NTPC.NS,Q4FY25,2025-03-31,2025-05-01,0.4832,0.0047,0,0,14,screener.in (BSE transcript),0.2918,2025-05-01,"(25, 4)",0.016600000000000004,0.09970000000000001,-0.010012592241833707,-0.057396595671494466,-0.048089071708476316
NTPC.NS,Q1FY26,2025-06-30,2025-08-01,0.3207,0.1896,0,0,25,screener.in (BSE transcript),0.2682,2025-08-01,"(26, 1)",-0.16250000000000003,-0.02360000000000001,0.004684257801752523,0.012390522718967123,0.016923630507033938
NTPC.NS,Q2FY26,2025-09-30,2025-11-01,0.4515,-0.0761,0,0,16,screener.in (BSE transcript),0.2405,2025-11-01,"(26, 2)",0.13080000000000003,-0.027700000000000002,-0.0043046187135095115,-0.02414306719755621,-0.019652165740118965
NTPC.NS,Q3FY26,2025-12-31,2026-02-01,0.4842,-0.0048,0,0,16,screener.in (BSE transcript),0.2886,2026-02-01,"(26, 3)",0.03270000000000001,0.04810000000000003,0.060878422544413446,0.07064022352993926,0.06611293030282828
NTPC.NS,Q4FY26,2026-03-31,2026-05-01,0.3852,-0.123,0,0,17,screener.in (BSE transcript),0.1819,2026-05-01,"(26, 4)",-0.09900000000000003,-0.10670000000000002,-0.004250030517578107,0.004749984741210911,-0.03275001525878907
ONGC.NS,Q2FY25,2024-09-30,2024-11-01,-0.0902,-0.2335,0,0,18,screener.in (BSE transcript),-0.1475,2024-11-01,"(25, 2)",-0.1673,-0.1366,-0.03211666540804714,-0.0425181612611103,-0.013427369231553632
ONGC.NS,Q3FY25,2024-12-31,2025-02-01,0.102,-0.1077,0,0,29,screener.in (BSE transcript),0.0181,2025-02-01,"(25, 3)",0.19219999999999998,0.1656,-0.012519632610074938,-0.0066268390538247735,-0.12174554361123968
ONGC.NS,Q4FY25,2025-03-31,2025-05-01,0.0074,-0.082,0,0,18,screener.in (BSE transcript),-0.0284,2025-05-01,"(25, 4)",-0.09459999999999999,-0.0465,-0.004149382193262774,-0.04937760473147623,0.008464629095966014
ONGC.NS,Q2FY26,2025-09-30,2025-11-01,-0.0829,-0.2736,0,0,18,screener.in (BSE transcript),-0.1592,2025-11-01,"(26, 2)",-0.0903,-0.1308,0.004313771229474073,-0.0031372352986478447,-0.021698283988016764
POWERGRID.NS,Q2FY25,2024-09-30,2024-11-01,0.0854,-0.1017,0,0,13,screener.in (BSE transcript),0.0106,2024-11-01,"(25, 2)",-0.020900000000000002,-0.0431,-0.03759046993347859,-0.03389313175845787,0.028418374716285832
POWERGRID.NS,Q3FY25,2024-12-31,2025-02-01,0.1109,-0.0714,0,0,19,screener.in (BSE transcript),0.038,2025-02-01,"(25, 3)",0.025499999999999995,0.0274,-0.03103446408004029,-0.040634224748919645,-0.12784924237503525
POWERGRID.NS,Q4FY25,2025-03-31,2025-05-01,0.0851,-0.1509,0,0,20,screener.in (BSE transcript),-0.0093,2025-05-01,"(25, 4)",-0.025800000000000003,-0.047299999999999995,-0.0022913705553181396,-0.01800327582936434,-0.04418985893769656
POWERGRID.NS,Q1FY26,2025-06-30,2025-08-01,0.0648,0.1013,0,0,19,screener.in (BSE transcript),0.0794,2025-08-01,"(26, 1)",-0.0203,0.0887,-0.01407950715524664,-0.021806224163283372,-0.003263853372216463
POWERGRID.NS,Q2FY26,2025-09-30,2025-11-01,0.0655,-0.204,0,0,18,screener.in (BSE transcript),-0.0423,2025-11-01,"(26, 2)",0.0007000000000000062,-0.1217,-0.01557092232649504,-0.05618476430928143,-0.053545924474971085
POWERGRID.NS,Q3FY26,2025-12-31,2026-02-01,0.2165,0.2865,0,0,23,screener.in (BSE transcript),0.2445,2026-02-01,"(26, 3)",0.151,0.2868,0.09870633983339538,0.17724839739521792,0.1671864452807288
POWERGRID.NS,Q4FY26,2026-03-31,2026-05-01,0.2231,0.2146,0,0,27,screener.in (BSE transcript),0.2197,2026-05-01,"(26, 4)",0.006599999999999995,-0.02479999999999999,0.015605076103453408,-0.00015919679289411182,-0.07324840764331209
RELIANCE.NS,Q2FY25,2024-09-30,2024-10-01,0.2567,-0.0042,0,0,21,screener.in (BSE transcript),0.1523,2024-10-01,"(25, 2)",-0.09620000000000001,-0.12030000000000002,-0.02272763195397698,-0.039364477271113585,-0.06722585454970975
RELIANCE.NS,Q3FY25,2024-12-31,2025-01-01,0.56,0.3516,0,0,22,screener.in (BSE transcript),0.4766,2025-01-01,"(25, 3)",0.30330000000000007,0.32430000000000003,0.018546571919908494,0.0374616488645767,0.011709361795299245
RELIANCE.NS,Q4FY25,2025-03-31,2025-04-01,0.3964,0.0226,0,0,41,screener.in (BSE transcript),0.2468,2025-04-01,"(25, 4)",-0.16360000000000008,-0.22980000000000003,-0.011622765459577411,-0.06256258476166465,0.14704820049386869
RELIANCE.NS,Q1FY26,2025-06-30,2025-07-01,0.1871,0.1186,0,0,51,screener.in (BSE transcript),0.1597,2025-07-01,"(26, 1)",-0.20929999999999999,-0.08709999999999998,-0.004972434832363648,0.005430469570974816,-0.0721670229826088
RELIANCE.NS,Q2FY26,2025-09-30,2025-10-01,0.444,-0.0881,0,0,41,screener.in (BSE transcript),0.2312,2025-10-01,"(26, 2)",0.2569,0.07149999999999998,-0.0023473515799717903,0.010710160990888395,0.0900822219044155
RELIANCE.NS,Q3FY26,2025-12-31,2026-01-01,0.4993,-0.034,0,0,43,screener.in (BSE transcript),0.286,2026-01-01,"(26, 3)",0.055300000000000016,0.05479999999999999,0.008227818948506993,-0.07278482104112682,-0.1518987377566714
RELIANCE.NS,Q4FY26,2026-03-31,2026-04-01,0.3937,-0.23,0,0,38,screener.in (BSE transcript),0.1442,2026-04-01,"(26, 4)",-0.10560000000000003,-0.14179999999999998,0.0014738611275078028,-0.01473833199544805,0.05630070616129057
SBILIFE.NS,Q2FY25,2024-09-30,2024-10-01,0.3586,0.0426,0,0,27,screener.in (BSE transcript),0.2322,2024-10-01,"(25, 2)",-0.05130000000000001,0.0068999999999999895,-0.0008023739688987064,-0.034227998231002865,-0.09789706458961656
SBILIFE.NS,Q3FY25,2024-12-31,2025-01-01,0.4111,-0.0258,0,0,24,screener.in (BSE transcript),0.2364,2025-01-01,"(25, 3)",0.05250000000000005,0.004200000000000009,0.017272072576383524,0.03831915308945111,0.0440883458523218
SBILIFE.NS,Q4FY25,2025-03-31,2025-05-01,0.3942,-0.1533,0,0,21,screener.in (BSE transcript),0.1752,2025-05-01,"(25, 4)",-0.016900000000000026,-0.061200000000000004,0.006814349435187328,-0.031232227994703043,0.036343029402459814
SBILIFE.NS,Q1FY26,2025-06-30,2025-07-01,0.4387,-0.0421,0,0,21,screener.in (BSE transcript),0.2463,2025-07-01,"(26, 1)",0.044499999999999984,0.0711,-0.0080428919659703,-0.0241286533103775,-0.021447674981249443
SBILIFE.NS,Q2FY26,2025-09-30,2025-10-01,0.4033,-0.0481,0,0,19,screener.in (BSE transcript),0.2227,2025-10-01,"(26, 2)",-0.03539999999999999,-0.023599999999999982,-0.013935947389633996,0.01326966242522376,0.08267172321732041
SBILIFE.NS,Q3FY26,2025-12-31,2026-02-01,0.4838,-0.0221,0,0,21,screener.in (BSE transcript),0.2814,2026-02-01,"(26, 3)",0.08050000000000002,0.058699999999999974,0.042534837153366034,0.012268704228676874,0.028136932571543483
SBILIFE.NS,Q4FY26,2026-03-31,2026-04-01,0.4516,-0.0119,0,0,25,screener.in (BSE transcript),0.2662,2026-04-01,"(26, 4)",-0.032200000000000006,-0.015199999999999991,-0.0014204545454545858,0.08801137750799004,0.028465895219282666
SBIN.NS,Q2FY25,2024-09-30,2024-11-01,0.3986,-0.0476,0,0,26,screener.in (BSE transcript),0.2201,2024-11-01,"(25, 2)",0.1402,0.1006,0.008690802390966201,0.028321340886761748,0.0379845846220106
SBIN.NS,Q3FY25,2024-12-31,2025-02-01,0.3574,-0.034,0,0,26,screener.in (BSE transcript),0.2009,2025-02-01,"(25, 3)",-0.041200000000000014,-0.019199999999999995,0.005506027497979682,-0.02988981726238704,-0.09150500229882752
SBIN.NS,Q4FY25,2025-03-31,2025-05-01,0.2331,0.0876,0,0,24,screener.in (BSE transcript),0.1749,2025-05-01,"(25, 4)",-0.1243,-0.025999999999999995,-0.010564844318275757,-0.042829040386134776,0.02995328123512686
SBIN.NS,Q1FY26,2025-06-30,2025-08-01,0.3202,-0.1255,0,0,23,screener.in (BSE transcript),0.1419,2025-08-01,"(26, 1)",0.08709999999999998,-0.033,0.004405321516879335,0.01699182761718543,0.012334790579232813
SBIN.NS,Q2FY26,2025-09-30,2025-11-01,0.2385,0.0636,0,0,25,screener.in (BSE transcript),0.1685,2025-11-01,"(26, 2)",-0.0817,0.026600000000000013,0.013049249874533375,0.01581890398303054,0.039680402203955856
SBIN.NS,Q3FY26,2025-12-31,2026-02-01,0.4144,0.1908,0,0,27,screener.in (BSE transcript),0.325,2026-02-01,"(26, 3)",0.1759,0.1565,0.06579069556241013,0.09814678907890806,0.16187859179799235
SBIN.NS,Q4FY26,2026-03-31,2026-05-01,0.3229,-0.0398,0,0,30,screener.in (BSE transcript),0.1778,2026-05-01,"(26, 4)",-0.09149999999999997,-0.1472,-0.0028205973631104664,-0.053215465963146635,-0.07515350266998999
SHRIRAMFIN.NS,Q2FY25,2024-09-30,2024-10-01,0.1913,-0.2494,0,0,25,screener.in (BSE transcript),0.015,2024-10-01,"(25, 2)",-0.1519,-0.1678,-0.045658207740761125,-0.04761904012617724,-0.10784318844358753
SHRIRAMFIN.NS,Q3FY25,2024-12-31,2025-01-01,0.2458,-0.4661,0,0,20,screener.in (BSE transcript),-0.0389,2025-01-01,"(25, 3)",0.05449999999999999,-0.053899999999999997,0.04177306226119626,-0.011422048304494448,-0.05780823804827684
SHRIRAMFIN.NS,Q4FY25,2025-03-31,2025-04-01,-0.149,-0.3333,0,0,22,screener.in (BSE transcript),-0.2227,2025-04-01,"(25, 4)",-0.3948,-0.18380000000000002,-0.010937555516036701,0.012421833379798297,-0.017500092795191158
SHRIRAMFIN.NS,Q1FY26,2025-06-30,2025-07-01,-0.0568,-0.438,0,0,19,screener.in (BSE transcript),-0.2093,2025-07-01,"(26, 1)",0.09219999999999999,0.013399999999999995,-0.020337794976026946,-0.035213829909850114,-0.08322157163625665
SHRIRAMFIN.NS,Q2FY26,2025-09-30,2025-11-01,-0.0139,-0.2876,0,0,17,screener.in (BSE transcript),-0.1234,2025-11-01,"(26, 2)",0.04290000000000001,0.08590000000000002,0.03886998226915894,0.08298834119006315,0.128689928789798
SHRIRAMFIN.NS,Q3FY26,2025-12-31,2026-01-01,0.1639,0.1026,0,0,16,screener.in (BSE transcript),0.1394,2026-01-01,"(26, 3)",0.17779999999999999,0.2628,-0.010978287387167551,-0.03683825323249568,-0.033715528463497235
SHRIRAMFIN.NS,Q4FY26,2026-03-31,2026-05-01,0.2059,-0.3508,0,0,18,screener.in (BSE transcript),-0.0168,2026-05-01,"(26, 4)",0.04200000000000001,-0.1562,0.01449047177713636,0.05095541401273884,0.008545634599754548
SUNPHARMA.NS,Q2FY25,2024-09-30,2024-11-01,0.0955,-0.2115,0,0,23,screener.in (BSE transcript),-0.0273,2024-11-01,"(25, 2)",0.003799999999999998,-0.0685,-0.021680305778373987,-0.01495939619502773,-0.01869919468468384
SUNPHARMA.NS,Q4FY25,2025-03-31,2025-05-01,0.1484,-0.1004,0,0,24,screener.in (BSE transcript),0.0489,2025-05-01,"(25, 4)",0.0529,0.0762,-0.0024558691819253076,-0.043879296263733325,-0.07111280388364627
SUNPHARMA.NS,Q2FY26,2025-09-30,2025-11-01,0.3158,-0.1043,0,0,16,screener.in (BSE transcript),0.1478,2025-11-01,"(26, 2)",0.16740000000000002,0.09889999999999999,0.011136218528534858,0.007937523477789865,0.06859381620747729
SUNPHARMA.NS,Q3FY26,2025-12-31,2026-02-01,0.2703,0.1799,0,0,19,screener.in (BSE transcript),0.2342,2026-02-01,"(26, 3)",-0.04550000000000004,0.0864,0.04645043941241034,0.051276798895623754,0.054541472549710424
SUNPHARMA.NS,Q4FY26,2026-03-31,2026-05-01,0.2443,0.1368,0,0,17,screener.in (BSE transcript),0.2013,2026-05-01,"(26, 4)",-0.025999999999999995,-0.032899999999999985,0.004670329670329654,0.003956017127403788,-0.00439560439560438
TATACONSUM.NS,Q2FY25,2024-09-30,2024-10-01,0.3094,-0.2146,0,0,23,screener.in (BSE transcript),0.0998,2024-10-01,"(25, 2)",0.0698,0.0581,-0.030354123642855724,-0.057504176499836634,-0.13575046350509534
TATACONSUM.NS,Q3FY25,2024-12-31,2025-02-01,0.4341,-0.0616,0,0,21,screener.in (BSE transcript),0.2358,2025-02-01,"(25, 3)",0.12469999999999998,0.136,-0.025624229077349736,-0.04436221691560338,-0.11453602837594679
TATACONSUM.NS,Q4FY25,2025-03-31,2025-04-01,0.2126,-0.1765,0,0,20,screener.in (BSE transcript),0.057,2025-04-01,"(25, 4)",-0.22149999999999997,-0.17880000000000001,0.0313359220272047,0.043221989896337076,0.14096266494647214
TATACONSUM.NS,Q1FY26,2025-06-30,2025-07-01,0.1874,-0.2906,0,0,20,screener.in (BSE transcript),-0.0038,2025-07-01,"(26, 1)",-0.0252,-0.0608,0.0018281634602359542,0.0054843867467526675,-0.034734952509145156
TATACONSUM.NS,Q2FY26,2025-09-30,2025-11-01,0.1658,-0.2906,0,0,20,screener.in (BSE transcript),-0.0168,2025-11-01,"(26, 2)",-0.021600000000000008,-0.013,0.0300480754945871,-0.014423099583520171,-0.004120857895029029
TATACONSUM.NS,Q3FY26,2025-12-31,2026-01-01,0.3359,-0.0811,0,0,20,screener.in (BSE transcript),0.1691,2026-01-01,"(26, 3)",0.17009999999999997,0.1859,-0.010111268100370219,0.017333739991802766,-0.07137392320684488
TATACONSUM.NS,Q4FY26,2026-03-31,2026-05-01,0.4239,-0.117,0,0,20,screener.in (BSE transcript),0.2076,2026-05-01,"(26, 4)",0.08800000000000002,0.038500000000000006,0.01000268692400863,0.04566411565157669,0.03363603182053421
TATASTEEL.NS,Q2FY25,2024-09-30,2024-11-01,0.048,-0.362,0,0,28,screener.in (BSE transcript),-0.116,2024-11-01,"(25, 2)",-0.18080000000000002,-0.1282,-0.020000048582852648,-0.016199936130418036,-0.020000030356847165
TATASTEEL.NS,Q3FY25,2024-12-31,2025-02-01,0.088,-0.1852,0,0,24,screener.in (BSE transcript),-0.0212,2025-02-01,"(25, 3)",0.039999999999999994,0.09480000000000001,0.011501400392567307,0.051870049244740146,0.03701734517809552
TATASTEEL.NS,Q4FY25,2025-03-31,2025-05-01,0.4249,-0.1412,0,0,31,screener.in (BSE transcript),0.1984,2025-05-01,"(25, 4)",0.3369,0.2196,0.011214401896912696,0.007071562986330049,0.1650715437106387
TATASTEEL.NS,Q1FY26,2025-06-30,2025-08-01,0.1389,-0.1954,0,0,29,screener.in (BSE transcript),0.0052,2025-08-01,"(26, 1)",-0.28600000000000003,-0.19319999999999998,0.039478857146931556,0.028990290073643843,0.031921867732108034
TATASTEEL.NS,Q2FY26,2025-09-30,2025-11-01,0.3162,-0.2206,0,0,32,screener.in (BSE transcript),0.1015,2025-11-01,"(26, 2)",0.17729999999999999,0.09630000000000001,0.0032894302471229153,0.0027411857553119034,-0.07658998109754123
TATASTEEL.NS,Q3FY26,2025-12-31,2026-02-01,0.4711,-0.0984,0,0,27,screener.in (BSE transcript),0.2433,2026-02-01,"(26, 3)",0.15490000000000004,0.14179999999999998,0.044233455538141175,0.0896536411528488,0.10583663924175024
TATASTEEL.NS,Q4FY26,2026-03-31,2026-05-01,0.4384,-0.2343,0,0,34,screener.in (BSE transcript),0.1693,2026-05-01,"(26, 4)",-0.03270000000000001,-0.07399999999999998,-0.0016467211537100068,0.0044695309195743604,-0.011997151649370985
TCS.NS,Q2FY25,2024-09-30,2024-10-01,0.3614,0.0954,0,0,22,screener.in (BSE transcript),0.255,2024-10-01,"(25, 2)",-0.2403,-0.253,-0.008820856057835447,-0.002193454363922709,-0.04285419451715189
TCS.NS,Q3FY25,2024-12-31,2025-01-01,0.5791,0.2901,0,0,20,screener.in (BSE transcript),0.4635,2025-01-01,"(25, 3)",0.21769999999999995,0.20850000000000002,0.01455114974439975,-0.00461161175204905,0.013432232406682454
TCS.NS,Q4FY25,2025-03-31,2025-04-01,0.4363,0.3199,0,0,21,screener.in (BSE transcript),0.3897,2025-04-01,"(25, 4)",-0.14279999999999993,-0.07380000000000003,-0.014954888146040624,-0.07998024110805291,-0.023702022842925996
TCS.NS,Q1FY26,2025-06-30,2025-07-01,0.3825,0.1837,0,0,20,screener.in (BSE transcript),0.303,2025-07-01,"(26, 1)",-0.053800000000000014,-0.0867,-0.0164028368365019,-0.022138111538824057,-0.11952729214591729
TCS.NS,Q2FY26,2025-09-30,2025-11-01,0.0975,-0.0798,0,0,18,screener.in (BSE transcript),0.0266,2025-11-01,"(26, 2)",-0.28500000000000003,-0.2764,-0.008959931369191265,-0.0006235677954197216,0.027601864010424304
TCS.NS,Q3FY26,2025-12-31,2026-01-01,0.6124,0.1943,0,0,17,screener.in (BSE transcript),0.4452,2026-01-01,"(26, 3)",0.5149,0.41859999999999997,0.002009943243310941,-0.013296154631510126,0.006844841992937445
TCS.NS,Q4FY26,2026-03-31,2026-04-01,0.5589,0.2979,0,0,21,screener.in (BSE transcript),0.4545,2026-04-01,"(26, 4)",-0.0535000000000001,0.00930000000000003,0.036881835488332015,0.07535625618444475,0.045264038444573274
TECHM.NS,Q2FY25,2024-09-30,2024-10-01,0.492,0.1522,0,0,23,screener.in (BSE transcript),0.3561,2024-10-01,"(25, 2)",0.0368,0.03190000000000004,-0.014860660338658849,0.03591325422656566,0.04121973865286188
TECHM.NS,Q3FY25,2024-12-31,2025-01-01,0.522,0.3791,0,0,23,screener.in (BSE transcript),0.4649,2025-01-01,"(25, 3)",0.030000000000000027,0.10879999999999995,0.001872384223007284,-0.02650679262280442,-0.014043356276198238
TECHM.NS,Q4FY25,2025-03-31,2025-04-01,0.2966,0.3214,0,0,43,screener.in (BSE transcript),0.3065,2025-04-01,"(25, 4)",-0.22540000000000004,-0.15839999999999999,-0.00010739423871630738,-0.07669181767090294,0.07139539001992312
TECHM.NS,Q1FY26,2025-06-30,2025-07-01,0.5081,0.1649,0,0,23,screener.in (BSE transcript),0.3708,2025-07-01,"(26, 1)",0.21150000000000002,0.06430000000000002,0.005910549542165633,-0.0061669154200783005,-0.11772081912517784
TECHM.NS,Q2FY26,2025-09-30,2025-10-01,0.4882,0.4188,0,0,22,screener.in (BSE transcript),0.4605,2025-10-01,"(26, 2)",-0.019899999999999973,0.0897,-0.012719584428059316,0.037947952538673446,0.007701036542864248
TECHM.NS,Q3FY26,2025-12-31,2026-01-01,0.3919,0.3507,0,0,22,screener.in (BSE transcript),0.3754,2026-01-01,"(26, 3)",-0.0963,-0.08510000000000001,-0.005648650270600575,-0.017380509000620714,0.06374919377521726
TECHM.NS,Q4FY26,2026-03-31,2026-04-01,0.4538,0.3605,0,0,40,screener.in (BSE transcript),0.4165,2026-04-01,"(26, 4)",0.061899999999999955,0.04109999999999997,0.03237410071942448,0.051079136690647564,0.06762589928057561
TITAN.NS,Q2FY25,2024-09-30,2024-11-01,0.0037,-0.2171,0,0,22,screener.in (BSE transcript),-0.0846,2024-11-01,"(25, 2)",-0.0976,-0.03629999999999999,-0.03375524558301224,-0.038095154524058206,0.007233323866930652
TITAN.NS,Q3FY25,2024-12-31,2025-02-01,0.2008,-0.2465,0,0,22,screener.in (BSE transcript),0.0219,2025-02-01,"(25, 3)",0.1971,0.1065,0.007012611787543088,-0.042075769107141836,-0.14446000679875892
TITAN.NS,Q4FY25,2025-03-31,2025-05-01,0.0676,-0.3333,0,0,23,screener.in (BSE transcript),-0.0927,2025-05-01,"(25, 4)",-0.1332,-0.11460000000000001,-0.0013087678246542778,0.0014573478188741884,0.06481063048436009
TITAN.NS,Q1FY26,2025-06-30,2025-08-01,0.1248,-0.1268,0,0,22,screener.in (BSE transcript),0.0242,2025-08-01,"(26, 1)",0.0572,0.1169,0.012458536599736059,0.04766214177978889,0.08748114630467563
TITAN.NS,Q2FY26,2025-09-30,2025-11-01,0.133,-0.1381,0,0,22,screener.in (BSE transcript),0.0246,2025-11-01,"(26, 2)",0.008200000000000013,0.00040000000000000105,-0.0014745308310991634,0.0215817694369973,0.03887399463806962
TITAN.NS,Q3FY26,2025-12-31,2026-02-01,0.0858,-0.181,0,0,21,screener.in (BSE transcript),-0.0209,2026-02-01,"(26, 3)",-0.047200000000000006,-0.0455,0.03574999999999995,0.05005004882812503,0.07219995117187494
ULTRACEMCO.NS,Q2FY25,2024-09-30,2024-10-01,0.1667,-0.25,0,0,18,screener.in (BSE transcript),0.0,2024-10-01,"(25, 2)",0.04909999999999999,-0.0147,0.00626979778566894,-0.016095976803236045,-0.040448630879684755
ULTRACEMCO.NS,Q3FY25,2024-12-31,2025-01-01,0.0659,0.0268,0,0,19,screener.in (BSE transcript),0.0503,2025-01-01,"(25, 3)",-0.10079999999999999,0.0503,0.02600004567612424,-0.008386925898903996,0.003899963518353866
ULTRACEMCO.NS,Q4FY25,2025-03-31,2025-05-01,0.3459,0.1024,0,0,17,screener.in (BSE transcript),0.2485,2025-05-01,"(25, 4)",0.27999999999999997,0.1982,0.005240069666014646,-0.013830429649124398,-0.032299657806066695
ULTRACEMCO.NS,Q1FY26,2025-06-30,2025-07-01,0.3452,-0.1362,0,0,18,screener.in (BSE transcript),0.1527,2025-07-01,"(26, 1)",-0.0006999999999999784,-0.0958,0.01850949121955514,0.016380071878430824,0.005926642821498573
ULTRACEMCO.NS,Q2FY26,2025-09-30,2025-10-01,0.234,-0.085,0,0,14,screener.in (BSE transcript),0.1064,2025-10-01,"(26, 2)",-0.1112,-0.04630000000000001,-0.0062835882596113946,0.007027697395618038,-0.013890037205456784
ULTRACEMCO.NS,Q3FY26,2025-12-31,2026-01-01,0.3172,-0.0605,0,0,16,screener.in (BSE transcript),0.1661,2026-01-01,"(26, 3)",0.08319999999999997,0.0597,0.002352348147525829,0.013021927245232323,0.04007393094177947
WIPRO.NS,Q2FY25,2024-09-30,2024-10-01,0.4201,0.1696,0,0,20,screener.in (BSE transcript),0.3199,2024-10-01,"(25, 2)",0.03159999999999996,0.08240000000000003,-0.022310709397352024,-0.009442591078150153,0.045732397716628403
WIPRO.NS,Q3FY25,2024-12-31,2025-01-01,0.5118,0.0,0,0,14,screener.in (BSE transcript),0.3071,2025-01-01,"(25, 3)",0.09170000000000006,-0.012800000000000034,0.017785283123249895,-0.0033556448803719885,0.06436196128848115
WIPRO.NS,Q4FY25,2025-03-31,2025-04-01,0.3119,-0.1756,0,0,20,screener.in (BSE transcript),0.1169,2025-04-01,"(25, 4)",-0.19990000000000002,-0.19019999999999998,-0.011034976972893462,-0.08409433005112477,-0.06963463511798074
WIPRO.NS,Q1FY26,2025-06-30,2025-07-01,0.2611,0.0037,0,0,19,screener.in (BSE transcript),0.1582,2025-07-01,"(26, 1)",-0.05080000000000001,0.0413,0.01283016889085098,0.01132071765146292,-0.03246830678247614
WIPRO.NS,Q2FY26,2025-09-30,2025-10-01,0.2603,-0.0117,0,0,18,screener.in (BSE transcript),0.1515,2025-10-01,"(26, 2)",-0.0008000000000000229,-0.0067000000000000115,-0.004066721564060405,0.029131087516861776,-0.0012863843418498
WIPRO.NS,Q3FY26,2025-12-31,2026-01-01,0.3694,-0.1158,0,0,8,screener.in (BSE transcript),0.1753,2026-01-01,"(26, 3)",0.10910000000000003,0.023800000000000016,0.007854919260942061,-0.022442445867555172,-0.06377600533929317
WIPRO.NS,Q4FY26,2026-03-31,2026-04-01,0.0712,-0.3402,0,0,14,screener.in (BSE transcript),-0.0934,2026-04-01,"(26, 4)",-0.2982,-0.2687,0.034120734908136496,0.09553804172305602,0.06246715956159776
